"","County","Total.Votes.For","Total.Votes.Against","fips","County.Name","stabb","lat","lon","sqmiles","state","macode","maname","totpop00","totpop06","chpop","popdens06","pop0_5","pop6_17","pop0_4","pop5_9","pop10_14","pop15_19","pop20_24","pop25_29","pop30_34","pop35_39","pop40_44","pop45_49","pop50_54","pop55_59","pop60_64","pop65_69","pop70_74","pop75_79","pop80_84","pop85up","medage","white","black","natam","asian","pacific","tworace","hispanic","whtnonh","totfam","tothu","owners","renters","vacant","medhhinc","agghhinc","avhhinc","tothh06","hh1per","ihhunder10","ihh10_15k","ihh15_20k","ihh20_25k","ihh25_30k","ihh30_35k","ihh35_40k","ihh40_45k","ihh45_50k","ihh50_60k","ihh60_75k","ihh75_100k","ihh100_125","ihh125_150","ihh150_200","ihh200kpls","inceld65_74","inceld75up","incwhite","incblack","incnatamer","incasian","incpacific","inc2race","pwhite","pblack","phispanic","pnatam","ptworace","asianpac","pasianpac","pop20_34","pop35_49","pop50_64","pop65_up","ppop20_34","ppop35_49","ppop50_64","ppop65_up","ihh0_20","ihh20_40","ihh40_60","pihh0_20","pihh20_40","pihh40_60","pihh60_75","pihh75_100","pihh100_125","pihh125_150","pihh150_200","pihh200_up","Location","statefp","inlabf00","civlab00","emp00","unemp00","pctcivlf00","military00","mfg00","gov00","pmilit00","pgov00","pmfg00","punemp00","pdpres00","pdpres04","prpres00","prpres04","pagri00","pprof00","ptradeser00","mortmonth","pcollroll00","pbornst00","ptransp00","peduc00","pself00","pfampov00","pmobilehh00","phs","pcollege","bigcity2","monied2","boom2","minority2","evangel2","immig2","tractor2","mormon2","service2","empty2","milit2","college2","Counties","bigcity10","monied10","boom10","minority10","evangel10","immig10","tractor10","mormon10","service10","empty10","military10","college10","categories10","Registered.Voters","Ballots.Cast","VoterTurnout","PctRegisteredFor","PctRegisteredAgainst"
"1","Alamance",18844,10580,37001,"NC_ Alamance County","NC",36.072066,-79.411818,"430.0",37,"3120","Greensboro--Winston-Salem--High Point_ NC","130,800","141,773",8.3,"329.7",NA,NA,NA,NA,NA,NA,NA,NA,NA,NA,NA,NA,NA,NA,NA,NA,NA,NA,NA,NA,42.9,NA,NA,729,NA,16,NA,NA,0,NA,NA,NA,NA,NA,NA,NA,NA,NA,NA,NA,NA,NA,NA,NA,NA,NA,NA,NA,NA,NA,NA,NA,861,612,680,NA,NA,NA,NA,NA,NA,NA,NA,84.95,20.53,11.22,0.56,1.05,NA,1.3,NA,NA,NA,NA,22.42,23.39,18.48,15.19,NA,NA,NA,22.4,28.01,21.89,10.73,8.7,3.29,1.53,1.09,1.21,NA,37,NA,NA,NA,NA,5.1,16,NA,NA,0.02,11.62,26.35,5.09,37.33,38.18,62.67,61.47,0.87,6.41,26.74,961,23.22,69.93,3.58,19.36,5.69,7.6,15.31,76.5,19.2,13.97,35.54,38.08,37.32,52.36,18.16,45.81,20.63,49.52,12.29,16.12,29.48,NA,0,1,"0",0,0,0,0,0,0,0,0,0,1,91204,29725,32.591772290689,20.6613745011184,11.6003684048945
"2","Alexander",9513,1550,37003,"NC_ Alexander County","NC",35.89108,-81.190343,"260.1",37,"3290","Hickory-Morganton-Lenoir_ NC","33,603","35,962",7,"138.2",NA,NA,NA,NA,NA,NA,NA,NA,NA,NA,NA,NA,NA,NA,NA,NA,NA,896,624,566,43,NA,NA,34,375,1,204,NA,0,NA,NA,NA,NA,NA,NA,NA,NA,NA,NA,NA,771,961,NA,NA,983,NA,797,870,NA,NA,NA,367,154,81,129,NA,NA,NA,NA,NA,NA,0,NA,99.33,5.86,3.49,0.1,0.61,376,1.12,NA,NA,NA,NA,21.04,23.99,19.97,14.27,NA,NA,NA,20.98,30.32,23.49,11.43,7.47,2.58,1.08,0.57,0.91,NA,37,NA,NA,NA,468,2.5,16,NA,NA,0.09,9.72,41.47,2.5,31.07,29.6,68.93,70.05,2.71,3.51,22.43,857,13.54,77.34,5.5,13.57,7.28,5.92,31.81,68.7,9.3,11.15,34.61,33.69,28.1,65.52,18.4,32.5,21.18,38.05,12.41,16.12,27.7,NA,0,0,"0",0,1,0,0,0,0,0,0,0,3,23788,11134,46.8051118210863,39.9907516394821,6.51589036488986
"3","Alleghany",2519,708,37005,"NC_ Alleghany County","NC",36.495691,-81.106863,"234.6",37,"#NULL!"," ","10,677","10,830",1.4,"46.1",639,NA,532,536,609,615,630,645,668,649,748,772,751,802,683,620,544,426,301,299,47.7,NA,156,30,29,1,15,747,0,NA,NA,NA,NA,NA,NA,NA,NA,NA,NA,781,389,396,367,448,304,315,247,227,345,304,257,73,57,22,75,0,NA,NA,NA,NA,NA,0,NA,99.27,1.46,7,0.28,0.14,30,0.28,NA,NA,NA,NA,18.2,20.31,20.94,20.51,NA,NA,819,33.34,30.53,17.44,6.47,5.47,1.55,1.21,0.47,1.6,NA,37,NA,NA,NA,248,4.6,0,NA,675,0,12.52,24.96,4.6,40.39,39.82,59.61,59.73,6.2,4.16,26.88,752,19.32,65.61,4.08,17.92,11.39,11.26,14.82,68,11.7,13.14,29.77,27.26,27.07,60.4,18,49.5,23.13,50.95,8.02,15.01,30.36,NA,0,0,"0",0,0,0,0,0,1,0,0,0,9,7283,3272,44.9265412604696,34.5873953041329,9.72126870795002
"4","Anson",3925,1716,37007,"NC_ Anson County","NC",34.968038,-80.098177,"531.3",37,"#NULL!"," ","25,275","25,746",1.8,"48.4",NA,NA,NA,NA,NA,NA,NA,NA,NA,NA,NA,NA,NA,NA,NA,993,823,715,558,596,42.9,NA,NA,160,209,6,39,307,0,NA,NA,NA,NA,NA,NA,NA,NA,NA,NA,NA,674,844,787,784,643,539,600,501,802,688,507,133,75,34,110,0,NA,NA,NA,NA,NA,0,NA,50.53,49.7,1.21,0.63,0.15,215,0.85,NA,NA,NA,NA,20.06,21.65,17.92,14.58,NA,NA,NA,33.4,28.91,19.98,7.22,5.32,1.4,0.79,0.36,1.15,NA,37,NA,NA,NA,647,6,0,NA,NA,0,15.8,30.01,6.02,60.25,58.68,39.75,41.15,5.69,4.16,27.34,693,17.13,83.56,4.61,18.29,5.91,15.5,24.33,70.2,9.2,12.91,27.52,31.02,58.62,56.66,10.8,44.43,23.36,46.25,11.16,16.49,28.75,NA,0,0,"0",1,0,0,0,0,0,0,0,0,2,17139,5730,33.4325223175214,22.9009860551958,10.0122527568703
"5","Ashe",6254,1851,37009,"NC_ Ashe County","NC",36.41759,-81.488353,"426.3",37,"#NULL!"," ","24,384","25,330",3.8,"59.4",NA,NA,NA,NA,NA,NA,NA,NA,NA,NA,NA,NA,NA,NA,NA,NA,NA,928,700,708,47.7,NA,200,94,59,2,56,772,0,NA,NA,NA,NA,NA,NA,NA,NA,NA,NA,NA,NA,998,978,854,789,761,721,384,882,774,427,184,50,112,95,NA,NA,NA,NA,NA,NA,0,NA,102.19,0.82,3.17,0.39,0.23,61,0.25,NA,NA,NA,NA,18.42,21.51,21.39,19.78,NA,NA,NA,34.32,30.96,18.19,7.09,3.91,1.68,0.46,1.03,0.87,NA,37,NA,NA,NA,552,4.6,2,NA,NA,0.02,12.66,25.42,4.62,39.18,37.87,60.82,61.68,5.2,4.77,26.54,733,17.25,75.78,3.45,16.15,11.09,10.07,20.61,68.6,12.1,12.65,30.09,26.46,27.24,66.91,16.04,47.57,22.3,50.79,9.03,14.95,30.77,NA,0,0,"0",0,1,0,0,0,0,0,0,0,3,18928,8179,43.2111158072696,33.0409974640744,9.77916314454776
"6","Avery",4264,1007,37011,"NC_ Avery County","NC",36.080733,-81.940974,"247.0",37,"#NULL!"," ","17,167","17,580",2.4,"71.1",NA,NA,843,869,973,NA,NA,NA,NA,NA,NA,NA,NA,NA,951,811,679,571,421,386,42.8,NA,673,76,82,7,67,555,0,NA,NA,NA,NA,NA,NA,NA,NA,NA,NA,995,641,554,573,481,494,464,428,353,500,599,230,135,66,22,66,NA,NA,NA,NA,NA,NA,0,NA,97.13,3.92,3.23,0.44,0.39,89,0.52,NA,NA,NA,NA,21.99,22.83,19.23,16.71,NA,NA,NA,32.57,29.92,19.05,8.91,3.42,2.01,0.98,0.33,0.98,NA,37,NA,NA,NA,542,7,17,NA,NA,0.22,15.64,14.34,6.99,25.38,23.99,74.62,75.47,5.34,5.99,31.85,759,26.66,72.94,3.35,20.87,12.49,10.88,15.59,70.6,14.5,12.92,29.87,32.55,32.18,61.98,15.74,56.29,23.02,59.96,10.18,13.91,30.72,NA,0,0,"0",0,0,0,0,0,1,0,0,0,9,11730,5333,45.464620630861,36.3512361466326,8.5848252344416
"7","Beaufort",8282,3391,37013,"NC_ Beaufort County","NC",35.517746,-76.950314,"827.8",37,"#NULL!"," ","44,958","46,128",2.6,"55.7",NA,NA,NA,NA,NA,NA,NA,NA,NA,NA,NA,NA,NA,NA,NA,NA,NA,NA,NA,996,47.8,NA,NA,120,116,1,173,NA,0,NA,NA,NA,NA,NA,NA,NA,NA,NA,NA,NA,NA,NA,NA,NA,NA,NA,987,893,NA,NA,NA,511,234,141,175,NA,0,NA,NA,NA,NA,0,NA,73.13,28.56,4.28,0.27,0.38,117,0.26,NA,NA,NA,NA,18.54,20,20.52,16.86,NA,NA,NA,32.51,27.76,17.53,7.98,7.28,2.69,1.23,0.74,0.92,NA,37,NA,NA,NA,NA,6.4,13,NA,NA,0.06,15.48,17.41,6.36,38.65,35.99,61.35,63.68,5.77,4.88,28.23,866,16.24,79.03,4.06,22.27,9.18,15.22,27.54,75,16,13.8,30.77,29.3,48.19,57.33,11.89,55.71,23.32,53.26,10.65,15.08,29.55,NA,0,0,"0",1,0,0,0,0,0,0,0,0,2,31752,11766,37.0559334845049,26.0833963214916,10.6796422272613
"8","Bertie",3445,1267,37015,"NC_ Bertie County","NC",36.090226,-76.97887,"699.5",37,"#NULL!"," ","19,773","19,343",-2.1,"27.6",NA,NA,NA,NA,NA,NA,NA,NA,NA,NA,NA,NA,NA,NA,967,817,734,614,434,450,43.4,NA,NA,96,38,1,38,263,0,NA,NA,NA,NA,NA,NA,NA,NA,NA,NA,NA,786,686,698,655,400,435,383,283,542,436,303,142,43,30,92,NA,NA,NA,NA,NA,NA,0,NA,35.55,61.4,1.33,0.49,0.19,39,0.2,NA,NA,NA,NA,17.78,19.54,17.85,15.42,NA,NA,NA,39.95,28.68,15.83,5.71,3.97,1.86,0.56,0.39,1.21,NA,37,NA,NA,NA,573,7.1,16,NA,NA,0.2,16.34,26.39,7.05,65.19,61.48,34.81,38.06,6.57,3.82,29.31,649,9.74,86.43,3.28,22.89,6.04,19.25,31.66,63.8,8.8,13.77,24.69,28.19,68.1,56.92,8.97,48.83,23.49,51.84,10.26,16.47,27.91,NA,0,0,"0",1,0,0,0,0,0,0,0,0,2,14129,4880,34.5388916413051,24.3824757590771,8.96737207162573
"9","Bladen",7412,1489,37017,"NC_ Bladen County","NC",34.606562,-78.642212,"875.0",37,"#NULL!"," ","32,278","33,057",2.4,"37.7",NA,NA,NA,NA,NA,NA,NA,NA,NA,NA,NA,NA,NA,NA,NA,NA,NA,918,639,613,43,NA,NA,772,72,32,118,NA,0,NA,NA,NA,NA,NA,NA,NA,NA,NA,NA,NA,NA,993,NA,994,835,778,695,657,936,941,700,205,105,121,100,0,NA,NA,NA,NA,NA,0,NA,61.76,37.57,5.39,2.39,0.37,104,0.32,NA,NA,NA,NA,19.82,20.52,19.22,14.81,NA,NA,NA,35.6,29.25,17.2,7.07,5.26,1.54,0.79,0.91,0.75,NA,37,NA,NA,NA,774,5.6,24,NA,NA,0.17,18.5,22.66,5.57,54.2,49.61,45.8,50.14,6.92,3.43,26.01,772,19.19,83.24,5.42,20.62,6.57,16.6,30.61,70.6,11.3,11.79,28.04,29.96,54.18,57.31,13.79,49.19,24.02,47.56,9.59,15.46,28.28,NA,0,0,"0",1,0,0,0,0,0,0,0,0,2,22086,9327,42.2303721814724,33.5597210902834,6.7418274019741
"10","Brunswick",16269,8904,37019,"NC_ Brunswick County","NC",34.023969,-78.245417,"854.8",37,"9200","Wilmington_ NC","73,143","93,238",27.4,"109.0",NA,NA,NA,NA,NA,NA,NA,NA,NA,NA,NA,NA,NA,NA,NA,NA,NA,NA,NA,NA,47.6,NA,NA,793,363,79,728,NA,0,NA,NA,NA,NA,NA,NA,NA,NA,NA,NA,NA,NA,NA,NA,NA,NA,NA,NA,NA,NA,NA,NA,NA,586,460,580,NA,NA,NA,NA,NA,NA,NA,NA,109.29,15.5,4.5,1.08,1,442,0.6,NA,NA,NA,NA,21.42,24.55,26.55,25.69,NA,NA,NA,25.5,29.48,20.75,8.99,7.22,2.96,1.5,1.18,1.48,NA,37,NA,NA,NA,NA,4.6,318,NA,NA,0.93,11.97,7.77,4.58,45.96,39.24,54.04,60.37,1.3,7.63,33.8,939,14.13,57.47,6.26,14.77,10.38,9.55,35.89,78.3,16.1,12.95,53.96,19.73,38.71,66.48,15.5,60.77,22.08,72.65,10.42,18.8,27.54,NA,0,0,"1",0,0,0,0,0,0,0,0,0,8,79660,25395,31.8792367562139,20.4230479538037,11.1775043936731
"11","Buncombe",33702,35768,37021,"NC_ Buncombe County","NC",35.589706,-82.548613,"655.7",37,"480","Asheville_ NC","206,330","220,685",6.9,"336.4",NA,NA,NA,NA,NA,NA,NA,NA,NA,NA,NA,NA,NA,NA,NA,NA,NA,NA,NA,NA,43.1,NA,NA,927,NA,118,NA,NA,0,NA,NA,NA,NA,NA,NA,NA,NA,NA,NA,NA,NA,NA,NA,NA,NA,NA,NA,NA,NA,NA,NA,NA,NA,NA,NA,NA,NA,NA,NA,NA,NA,NA,NA,96.44,7.78,4.16,0.45,1.2,NA,1.08,NA,NA,NA,NA,20.86,23.22,20.36,16.6,NA,NA,NA,24.07,29.64,21.01,9.32,7.33,3.46,1.31,1.22,1.53,NA,37,NA,NA,NA,NA,4.8,101,NA,NA,0.1,12.81,15.72,4.75,45.54,49.39,54.46,49.99,0.93,7.2,32.07,948,22.93,60.55,3.67,22.72,8.04,7.75,19.21,81.9,25.3,18.81,35.12,34.74,30.15,63.66,12,56.02,20.53,62.03,11.34,14.42,29.42,NA,0,0,"0",0,1,0,0,0,0,0,0,0,3,179516,69994,38.9903963992068,18.7738140332895,19.92468637893
"12","Burke",15309,4451,37023,"NC_ Burke County","NC",35.731737,-81.638371,"506.3",37,"3290","Hickory-Morganton-Lenoir_ NC","89,148","89,242",0.1,"176.1",NA,NA,NA,NA,NA,NA,NA,NA,NA,NA,NA,NA,NA,NA,NA,NA,NA,NA,NA,NA,43,NA,NA,432,NA,230,595,NA,0,NA,NA,NA,NA,NA,NA,NA,NA,NA,NA,NA,NA,NA,NA,NA,NA,NA,NA,NA,NA,NA,NA,686,344,255,358,NA,NA,NA,NA,NA,NA,0,NA,88.55,6.73,4.91,0.48,0.67,NA,3.67,NA,NA,NA,NA,20.29,21.75,18.27,14.35,NA,NA,NA,24.12,30.75,23.62,8.95,6.69,1.95,0.98,0.73,1.02,NA,37,NA,NA,NA,NA,4.2,11,NA,NA,0.02,16.65,35.04,4.19,39.24,38.12,60.76,61.51,0.86,3.64,28.05,787,15.1,73.88,3.54,20.15,5.6,8.01,26.19,67.6,12.8,14.66,28.97,36.16,28.57,63.24,17.63,37.58,19.59,49.21,9.51,15.5,29.58,NA,0,0,"0",0,1,0,0,0,0,1,0,0,3,57497,19902,34.6139798598188,26.6257369949737,7.74127345774562
"13","Cabarrus",25819,11070,37025,"NC_ Cabarrus County","NC",35.404143,-80.599306,"364.6",37,"1520","Charlotte-Gastonia-Rock Hill_ NC","131,063","153,121",16.8,"420.2",NA,NA,NA,NA,NA,NA,NA,NA,NA,NA,NA,NA,NA,NA,NA,NA,NA,NA,NA,NA,43,NA,NA,681,NA,37,NA,NA,0,NA,NA,NA,NA,NA,NA,NA,NA,NA,NA,NA,NA,NA,NA,NA,NA,NA,NA,NA,NA,NA,NA,NA,NA,NA,786,NA,NA,NA,NA,NA,NA,0,NA,96.4,17.16,9.37,0.52,1.03,NA,1.72,NA,NA,NA,NA,23.15,26.48,19.79,13.64,NA,NA,NA,16.33,24.78,22.42,12.86,11.03,5.78,2.62,1.89,1.35,NA,37,NA,NA,NA,NA,4.2,66,NA,NA,0.09,10.67,17.82,4.23,33.24,32.56,66.76,67.05,0.92,6.78,29.51,NA,15.62,63.22,6.2,17.3,5.23,4.82,12.38,78.2,19.1,13.34,42.89,38.67,36.73,51.75,16.35,50.88,19.29,51.48,12.25,15.25,25.82,NA,0,1,"0",0,0,0,0,0,0,0,0,0,1,112531,37180,33.03978459269,22.9438999031378,9.83728928028721
"14","Caldwell",15995,3855,37027,"NC_ Caldwell County","NC",35.879479,-81.508386,"470.5",37,"3290","Hickory-Morganton-Lenoir_ NC","77,415","79,109",2.1,"167.7",NA,NA,NA,NA,NA,NA,NA,NA,NA,NA,NA,NA,NA,NA,NA,NA,NA,NA,NA,NA,43,NA,NA,186,393,21,439,NA,0,NA,NA,NA,NA,NA,NA,NA,NA,NA,NA,NA,NA,NA,NA,NA,NA,NA,NA,NA,NA,NA,NA,934,303,181,209,NA,NA,NA,NA,NA,NA,NA,NA,95.3,5.55,3.78,0.24,0.57,414,0.53,NA,NA,NA,NA,19.68,22.62,19.25,14.53,NA,NA,NA,24.9,30.09,22.4,9.17,7.04,2.94,0.96,0.57,0.66,NA,37,NA,NA,NA,NA,3.4,47,NA,NA,0.11,8.97,41.69,3.4,33.13,31.9,66.87,67.58,0.54,3.13,24.04,780,14.3,80.74,5.09,13.91,6.14,7.59,20.11,66.2,10.4,13.34,29.64,35.11,24.73,65.65,15.87,31.26,20.12,41.54,9.12,15.58,27.79,NA,0,0,"0",0,1,0,0,0,0,0,0,0,3,53404,20083,37.6057973185529,29.950940004494,7.21856040746012
"15","Camden",983,430,37029,"NC_ Camden County","NC",36.354766,-76.183537,"240.7",37,"#NULL!"," ","6,885","9,582",39.1,"39.8",684,NA,576,543,649,680,602,523,542,617,767,777,673,656,534,442,361,278,192,170,43.6,NA,NA,30,79,2,38,114,0,NA,NA,NA,449,356,NA,NA,NA,NA,758,349,159,297,163,276,317,309,224,163,439,286,372,220,60,69,0,NA,NA,NA,NA,0,0,NA,NA,118.04,18.97,1.66,0.44,0.55,81,1.18,NA,NA,NA,NA,24.21,31.39,27.06,20.96,805,NA,826,21.55,28.51,22.11,7.66,9.96,5.89,1.61,1.85,0,NA,37,NA,NA,NA,119,3.7,92,317,837,2.78,25.29,9.58,3.6,42.17,34.96,57.83,64.75,3.74,7.74,29.69,902,15.35,56.76,7.68,21.59,8.13,7.89,16.78,82.1,16.2,9.25,49.1,25.88,41.91,55.27,9.22,59.86,20.53,62.7,9.54,27.13,26.52,NA,0,1,"0",0,0,0,0,0,0,0,0,0,1,7310,1439,19.6853625170999,13.4473324213406,5.88235294117647
"16","Carteret",11006,5712,37031,"NC_ Carteret County","NC",34.744079,-76.793188,"520.2",37,"#NULL!"," ","59,383","63,248",6.5,"121.6",NA,NA,NA,NA,NA,NA,NA,NA,NA,NA,NA,NA,NA,NA,NA,NA,NA,NA,NA,NA,47.8,NA,NA,340,457,50,550,NA,0,NA,NA,NA,NA,NA,NA,NA,NA,NA,NA,NA,NA,NA,NA,NA,NA,NA,NA,NA,NA,NA,NA,NA,401,301,391,NA,NA,NA,NA,NA,NA,NA,NA,96.72,7.43,2.15,0.57,0.93,507,0.85,NA,NA,NA,NA,18.04,22.33,22.73,19.88,NA,NA,NA,23.89,27.41,21.08,9.95,8.72,3.82,1.48,1.11,1.45,NA,37,NA,NA,NA,NA,5,703,NA,NA,2.4,20.68,6.99,4.85,33.71,30.23,66.29,69.27,2.97,6.99,31.53,949,18.01,59.45,4.04,18,11.27,7.98,25.72,82.1,19.8,13.62,39.35,27.24,33.75,57.97,10.95,62.69,22.14,59.52,8.94,21.12,29.33,NA,0,1,"0",0,0,0,0,0,0,0,0,0,1,48924,17886,36.5587441746382,22.4961164254762,11.6752514103507
"17","Caswell",3388,1493,37033,"NC_ Caswell County","NC",36.400472,-79.361473,"424.6",37,"#NULL!"," ","23,501","23,380",-0.5,"55.0",NA,NA,NA,NA,NA,NA,NA,NA,NA,NA,NA,NA,NA,NA,NA,NA,806,633,448,433,43.1,NA,NA,56,51,7,64,650,0,NA,NA,NA,NA,985,NA,NA,NA,NA,NA,NA,639,579,666,554,726,492,595,477,861,921,657,159,63,53,35,0,0,NA,NA,NA,NA,0,NA,64.48,34.25,2.77,0.24,0.27,58,0.25,NA,NA,NA,NA,18.81,22.56,19.82,14.24,NA,NA,NA,27.07,27.85,22.08,10.52,7.5,1.82,0.72,0.61,0.4,NA,37,NA,NA,NA,702,6.5,4,NA,NA,0.04,14.28,32.57,6.46,48.93,48.1,51.07,51.58,2.88,3.71,24.38,737,14.47,65.49,4.74,16.91,7.64,10.86,31.27,69.2,8.3,10.81,29.97,29.14,51.65,49.44,13.08,38.28,26.31,42.48,9.62,16.91,28.7,NA,0,0,"0",1,0,0,0,0,0,0,0,0,2,15375,5024,32.6764227642276,22.0357723577236,9.71056910569106
"18","Catawba",25984,9025,37035,"NC_ Catawba County","NC",35.696672,-81.249727,"399.6",37,"3290","Hickory-Morganton-Lenoir_ NC","141,685","153,189",8.1,"383.0",NA,NA,NA,NA,NA,NA,NA,NA,NA,NA,NA,NA,NA,NA,NA,NA,NA,NA,NA,NA,42.9,NA,NA,470,NA,79,NA,NA,0,NA,NA,NA,NA,NA,NA,NA,NA,NA,NA,NA,NA,NA,NA,NA,NA,NA,NA,NA,NA,NA,NA,NA,918,744,899,NA,NA,NA,NA,NA,NA,0,NA,94.54,9.03,9.17,0.33,0.89,NA,3.33,NA,NA,NA,NA,21.97,23.9,19.35,13.92,NA,NA,NA,19.8,28.93,23.1,11.05,8.38,3.47,1.52,1.23,1.48,NA,37,NA,NA,NA,NA,3.3,124,NA,NA,0.16,8.98,36.95,3.26,32.18,32.13,67.82,67.48,0.55,4.86,26.55,905,16.56,68.56,4.61,14.13,4.76,6.54,16.23,74.8,17,14.28,35.54,37.36,28.02,56.08,20.83,36.98,18.44,44.2,13.4,17.28,28.32,NA,0,1,"0",0,0,0,0,0,0,0,0,0,1,101194,35230,34.8143170543708,25.6774117042512,8.91851295531356
"19","Chatham",9507,11100,37037,"NC_ Chatham County","NC",35.735933,-79.258747,"682.8",37,"6640","Raleigh-Durham-Chapel Hill_ NC","49,329","59,048",19.7,"86.4",NA,NA,NA,NA,NA,NA,NA,NA,NA,NA,NA,NA,NA,NA,NA,NA,NA,NA,NA,NA,43,NA,NA,234,NA,119,452,NA,0,NA,NA,NA,NA,NA,NA,NA,NA,NA,NA,NA,NA,NA,NA,NA,NA,NA,NA,NA,NA,NA,NA,993,459,496,624,NA,NA,NA,NA,NA,NA,0,NA,99.11,16.58,13.83,0.47,0.92,NA,2.62,NA,NA,NA,NA,21.79,26.57,22.56,18.84,NA,NA,NA,21.36,25.64,20.06,10.69,10.57,4.15,1.92,2.07,2.61,NA,37,NA,NA,NA,751,2.9,28,NA,NA,0.11,18.26,21.59,2.9,50.51,49.75,49.49,49.73,2.68,8.38,22.65,NA,16.88,62.74,3.26,22.69,8.49,7.1,20.16,77.9,27.6,15.16,44.48,32.53,36.96,56.24,18.79,58.37,17.54,42.24,9.92,14.24,30.87,NA,0,1,"0",0,0,0,0,0,0,0,0,0,1,44266,20776,46.9344417837618,21.4769800750011,25.0756788505851
"20","Cherokee",5020,1403,37039,"NC_ Cherokee County","NC",35.110726,-84.00854,"455.5",37,"#NULL!"," ","24,298","26,115",7.4,"57.3",NA,NA,NA,NA,NA,NA,NA,NA,NA,NA,NA,NA,NA,NA,NA,NA,NA,NA,782,770,47.8,NA,494,376,113,0,259,315,0,NA,NA,NA,NA,NA,NA,NA,NA,NA,NA,NA,NA,NA,NA,985,749,736,712,513,798,706,558,193,52,43,115,NA,NA,NA,NA,NA,NA,0,NA,102.37,2.03,1.3,1.55,1.07,113,0.47,NA,NA,NA,NA,18.15,19.91,22.49,22.59,NA,NA,NA,33.72,31.96,18.04,6.29,4.98,1.72,0.46,0.38,1.03,NA,37,NA,NA,NA,595,5.5,40,NA,NA,0.37,14.05,20.14,5.51,33.94,32.46,66.06,67.12,2.85,4.79,30.76,665,17.35,54.79,3.88,19.55,10.33,11.65,22.77,73.3,11,12.54,33.34,24.39,28.89,68.85,13.81,52.16,20.65,62.9,8.6,14.84,30.37,NA,0,0,"0",0,1,0,0,0,0,0,0,0,3,21694,6500,29.9622015303771,23.1400387203835,6.46722596109523
"21","Chowan",2272,760,37041,"NC_ Chowan County","NC",36.114153,-76.625394,"172.6",37,"#NULL!"," ","14,526","14,606",0.5,"84.6",NA,NA,905,875,994,NA,NA,912,806,783,943,NA,976,931,766,675,611,529,394,396,43.4,NA,NA,42,42,1,46,323,0,NA,NA,NA,NA,910,NA,NA,NA,NA,NA,763,508,516,475,458,416,407,259,214,518,474,421,112,13,29,24,0,NA,NA,NA,0,NA,0,NA,63.12,36.53,2.22,0.29,0.32,43,0.3,NA,NA,NA,NA,19.1,18.82,18.4,17.93,NA,NA,991,31.45,30.9,17.44,8.34,7.41,1.97,0.23,0.51,0.42,NA,37,NA,NA,NA,434,6.7,13,NA,NA,0.2,20.33,17.26,6.71,50.15,44.67,49.85,55.09,5.12,3.89,30.8,853,24.24,72.89,4.52,23.82,6.74,13.73,20.95,73.1,16.4,12.69,28.61,31.84,49.39,57.36,9.65,55.03,21.88,58.91,9.93,15.44,28.73,NA,0,0,"0",1,0,0,0,0,0,0,0,0,2,10616,3071,28.9280331574981,21.4016578749058,7.15900527505652
"22","Clay",1855,646,37043,"NC_ Clay County","NC",35.036054,-83.805183,"214.4",37,"#NULL!"," ","8,775","9,988",13.8,"46.5",573,NA,482,460,517,551,560,517,493,489,601,693,732,807,686,609,548,472,371,400,52.8,NA,102,34,8,4,31,98,0,NA,NA,NA,694,NA,NA,NA,NA,NA,NA,594,345,445,337,340,425,263,215,194,363,273,338,107,67,17,37,NA,0,NA,NA,NA,0,0,NA,111.78,1.16,1.12,0.39,0.35,12,0.14,NA,NA,NA,NA,17.89,20.32,25.36,27.35,NA,NA,772,31.26,30.83,17.43,6.17,7.63,2.42,1.51,0.38,0.84,NA,37,NA,NA,NA,158,4,7,489,607,0.18,15.43,12.43,4.02,36.03,33.46,63.97,65.95,2.28,5.52,31.55,709,24.01,40.1,3.71,19.24,12.68,7.82,19.37,76.5,15.4,12.41,39.99,20.93,25.45,69.95,11.16,60.87,18.11,66.3,8.95,14.87,30.24,NA,0,1,"0",0,0,0,0,0,0,0,0,0,1,9002,2527,28.0715396578538,20.606531881804,7.17618307042879
"23","Cleveland",17799,4406,37045,"NC_ Cleveland County","NC",35.294414,-81.51468,"464.5",37,"#NULL!"," ","96,287","97,963",1.7,"210.8",NA,NA,NA,NA,NA,NA,NA,NA,NA,NA,NA,NA,NA,NA,NA,NA,NA,NA,NA,NA,43,NA,NA,173,769,10,584,NA,0,NA,NA,NA,NA,NA,NA,NA,NA,NA,NA,NA,NA,NA,NA,NA,NA,NA,NA,NA,NA,NA,NA,NA,345,339,481,NA,NA,NA,NA,NA,NA,0,NA,78.93,21.21,1.57,0.18,0.61,779,0.81,NA,NA,NA,NA,20.24,21.47,18.31,13.99,NA,NA,NA,26.56,28.31,21.7,9.21,7.03,2.72,0.91,0.89,1.27,NA,37,NA,NA,NA,NA,5.4,43,NA,NA,0.09,11.11,32.07,5.37,41.38,38.34,58.62,61.36,1.24,4.56,26.51,814,18.24,77.66,4.28,17.84,6.31,10.06,21.74,72.2,13.3,13.16,29.5,35.24,38.55,62.23,13.02,42.23,21.43,44.49,9.84,15.22,29.16,NA,0,0,"0",0,1,0,0,0,0,0,0,0,3,60674,22403,36.9235586907077,29.335464943798,7.2617595675248
"24","Columbus",10814,1899,37047,"NC_ Columbus County","NC",34.282722,-78.710211,"936.3",37,"#NULL!"," ","54,749","54,536",-0.3,"58.2",NA,NA,NA,NA,NA,NA,NA,NA,NA,NA,NA,NA,NA,NA,NA,NA,NA,NA,993,948,43.1,NA,NA,NA,121,6,323,NA,0,NA,NA,NA,NA,NA,NA,NA,NA,NA,NA,NA,NA,NA,NA,NA,NA,NA,NA,963,NA,NA,NA,356,123,118,200,NA,NA,NA,NA,NA,NA,NA,NA,64.43,31.15,2.94,3.21,0.59,127,0.23,NA,NA,NA,NA,19.71,20.12,17.99,13.95,NA,NA,NA,37.83,27.43,17.6,6.99,4.92,1.66,0.57,0.55,0.93,NA,37,NA,NA,NA,NA,7.7,49,NA,NA,0.22,15.75,15.65,7.69,54.48,48.81,45.52,50.84,4.82,4.38,32.15,806,16.68,76.74,4.64,22.17,7.69,17.64,31.35,68.6,10.1,12.34,27.09,31.92,52.8,58.69,12.6,53.7,23.16,57.69,8.55,14.73,28.75,NA,0,0,"0",1,0,0,0,0,0,0,0,0,2,36447,12981,35.6161000905424,29.6704804236288,5.21030537492798
"25","Craven",12336,6812,37049,"NC_ Craven County","NC",35.06151,-77.038454,"708.7",37,"#NULL!"," ","91,436","91,084",-0.3,"128.5",NA,NA,NA,NA,NA,NA,NA,NA,NA,NA,NA,NA,NA,NA,NA,NA,NA,NA,NA,NA,42.7,NA,NA,434,NA,58,NA,NA,0,NA,NA,NA,NA,NA,NA,NA,NA,NA,NA,NA,NA,NA,NA,NA,NA,NA,NA,NA,NA,NA,NA,NA,385,325,392,NA,NA,NA,NA,NA,NA,NA,NA,72.17,24.28,3.62,0.47,1.46,NA,1.24,NA,NA,NA,NA,22.41,19.73,15.74,13.29,NA,NA,NA,24.55,29.84,20.93,9.57,7.87,2.97,1.11,0.94,1.13,NA,37,NA,NA,NA,NA,5.3,NA,NA,NA,15.83,18.68,10.84,4.48,38.52,37.13,61.48,62.44,2.24,7.64,31.42,888,19.89,51.9,3.99,20.8,6.59,9.89,17.97,82.1,19.3,16.21,27.53,46.57,32.38,63.49,8.53,61.12,18.88,64.75,11.49,33.33,28.1,NA,0,0,"1",0,0,0,0,0,0,0,0,0,8,68779,19357,28.1437648119339,17.9357071199058,9.90418587068727
"26","Cumberland",34398,15071,37051,"NC_ Cumberland County","NC",35.062334,-78.937654,"650.8",37,"2560","Fayetteville_ NC","302,963","297,200",-1.9,"455.2",NA,NA,NA,NA,NA,NA,NA,NA,NA,NA,NA,NA,NA,NA,NA,NA,NA,NA,NA,NA,37,NA,NA,NA,NA,963,NA,NA,0,NA,NA,NA,NA,NA,NA,NA,NA,NA,NA,NA,NA,NA,NA,NA,NA,NA,NA,NA,NA,NA,NA,NA,NA,NA,NA,NA,NA,NA,NA,NA,NA,NA,NA,54.76,36.17,6.24,1.69,3.08,NA,2.39,NA,NA,NA,NA,24.41,21.52,13.3,8.07,NA,NA,NA,22.68,30.52,22.3,9.52,7.77,2.95,1.2,1.02,1.02,NA,37,NA,NA,NA,NA,8.6,NA,NA,NA,23.26,16.89,8.58,6.57,50.32,48.08,49.68,51.6,0.72,6.33,33.78,949,23.63,44.95,5.33,22.93,5.84,10.36,13.73,85,19.1,17.89,24.46,57.68,35.02,64.88,6.51,62.13,16.71,73.59,11.86,40.39,25.55,NA,0,0,"0",0,0,0,0,0,0,0,1,0,11,199272,50140,25.1615881809788,17.2618330723835,7.5630294271147
"27","Currituck",2621,1245,37053,"NC_ Currituck County","NC",36.381322,-75.994179,"261.9",37,"5720","Norfolk-Virginia Beach-Newport News_ VA","18,190","24,278",33.4,"92.7",NA,NA,NA,NA,NA,NA,NA,NA,NA,NA,NA,NA,NA,NA,NA,NA,839,632,422,384,43.6,NA,NA,96,168,6,187,497,0,NA,NA,NA,NA,NA,NA,NA,NA,NA,NA,589,642,671,698,611,613,613,634,530,873,NA,877,273,105,109,152,NA,0,NA,NA,NA,NA,NA,NA,121.6,9.36,2.73,0.53,1.03,174,0.96,NA,NA,NA,NA,24.01,30.29,26.16,18.37,NA,NA,NA,20.49,27.31,21.95,12.79,9.45,2.94,1.13,1.17,1.64,NA,37,NA,NA,NA,329,3.7,208,581,NA,2.29,19.64,6.41,3.63,38.79,32.41,61.21,66.99,2.9,5.7,34.39,NA,13.02,29.66,4.67,14.85,9.51,8.89,20.87,77.6,13.3,10.08,52.37,26.39,35.86,57.17,13.41,57.13,20.8,65.39,9.83,21.76,27.88,NA,0,0,"1",0,0,0,0,0,0,0,0,0,8,17179,3926,22.8534839047675,15.2569998253682,7.24722044356482
"28","Dare",3698,3785,37055,"NC_ Dare County","NC",35.9159,-75.674328,"383.5",37,"#NULL!"," ","29,967","33,768",12.6,"88.0",NA,NA,NA,NA,NA,NA,NA,NA,NA,NA,NA,NA,NA,NA,NA,NA,NA,NA,705,560,47.8,NA,NA,84,172,2,279,NA,0,NA,NA,NA,NA,NA,NA,NA,NA,NA,NA,899,742,866,968,NA,NA,956,979,843,NA,NA,NA,551,280,293,303,NA,NA,NA,NA,NA,NA,0,NA,107.41,3.48,3.6,0.28,0.93,174,0.58,NA,NA,NA,NA,19,25.78,23.52,17.8,NA,NA,NA,17.38,27.83,23.44,10.48,9.99,3.82,1.94,2.03,2.1,NA,37,NA,NA,NA,808,4.9,97,762,NA,0.58,15.99,4.59,4.87,43.36,39.46,56.64,60.1,3.43,7.15,34.26,NA,11.36,34.66,3.29,12.17,15.09,5.5,8.11,88.6,27.7,12.28,48.6,27.77,29.23,54.84,14.55,67.26,22.66,58.48,11.25,17.66,29.71,NA,0,0,"1",0,0,0,0,0,0,0,0,0,8,27423,7571,27.6082120847464,13.4850308135507,13.8022827553513
"29","Davidson",25108,8557,37057,"NC_ Davidson County","NC",35.845806,-80.203102,"551.3",37,"3120","Greensboro--Winston-Salem--High Point_ NC","147,246","155,124",5.3,"280.9",NA,NA,NA,NA,NA,NA,NA,NA,NA,NA,NA,NA,NA,NA,NA,NA,NA,NA,NA,NA,43.1,NA,NA,712,NA,23,NA,NA,0,NA,NA,NA,NA,NA,NA,NA,NA,NA,NA,NA,NA,NA,NA,NA,NA,NA,NA,NA,NA,NA,NA,NA,779,462,565,NA,NA,NA,NA,NA,NA,NA,NA,93.17,9.82,5.85,0.48,0.74,NA,1.13,NA,NA,NA,NA,20.24,23.77,19.37,14.21,NA,NA,NA,22.65,28.02,22.28,11.02,8.97,3.04,1.26,0.75,0.91,NA,37,NA,NA,NA,NA,4.1,46,NA,NA,0.06,9.08,30.81,4.09,31.4,28.89,68.6,70.72,0.72,5.14,26.82,888,13.35,75.03,5.13,15.84,6.16,7.05,17.73,72,12.8,13.77,34.02,34.73,31.67,53.27,16,38.56,21.52,47.92,11.29,16.34,27.48,NA,0,1,"0",0,0,0,0,0,0,0,0,0,1,102235,33854,33.1139042402308,24.5591040250403,8.36993201936714
"30","Davie",8760,3274,37059,"NC_ Davie County","NC",35.926548,-80.527393,"265.2",37,"3120","Greensboro--Winston-Salem--High Point_ NC","34,835","39,949",14.6,"150.6",NA,NA,NA,NA,NA,NA,NA,NA,NA,NA,NA,NA,NA,NA,NA,NA,NA,NA,834,822,43.2,NA,NA,145,232,7,278,NA,0,NA,NA,NA,NA,NA,NA,NA,NA,NA,NA,NA,866,962,NA,NA,NA,NA,815,838,NA,NA,NA,557,420,264,319,NA,NA,NA,NA,NA,NA,0,NA,104.79,7.99,6.34,0.42,0.8,239,0.69,NA,NA,NA,NA,20.85,24.95,22.26,17.03,NA,NA,NA,20.63,28.59,19.16,10.68,9.9,3.51,2.65,1.66,2.01,NA,37,NA,NA,NA,654,3.7,0,NA,NA,0,9.97,26.71,3.72,26.39,25.38,73.61,74.17,1.5,5.99,24.31,964,14.55,71.35,5.13,18.87,7.2,6.41,23.64,78.1,17.6,12.77,40.81,32,31.83,55.3,14.27,47.85,19.3,45.87,9.94,14.9,28.41,NA,0,1,"0",0,0,0,0,0,0,0,0,0,1,27332,12207,44.6619347285233,32.0503439192156,11.9786331040539
"31","Duplin",7261,2029,37061,"NC_ Duplin County","NC",34.93148,-77.946337,"817.8",37,"#NULL!"," ","49,063","52,102",6.1,"63.7",NA,NA,NA,NA,NA,NA,NA,NA,NA,NA,NA,NA,NA,NA,NA,NA,NA,NA,923,905,42.8,NA,NA,194,116,96,158,NA,0,NA,NA,NA,NA,NA,NA,NA,NA,NA,NA,NA,NA,NA,NA,NA,NA,NA,NA,938,NA,NA,971,309,161,138,212,NA,NA,NA,NA,NA,NA,NA,NA,76.17,28.87,20.85,0.4,0.32,212,0.43,NA,NA,NA,NA,22.34,21.98,17.27,13.83,NA,NA,NA,33.18,30.2,18.36,7.71,4.98,1.58,0.83,0.71,1.09,NA,37,NA,NA,NA,NA,7.4,58,NA,NA,0.25,13.69,20.21,7.36,45.23,41.75,54.77,57.96,14.03,4.27,26.3,769,12.11,75.78,3.83,16.27,9.23,15.31,33.29,65.8,10.5,11.37,29.09,32.89,47.03,59.07,33.98,49.76,26.67,45.64,10.39,19.28,30.51,NA,0,0,"0",0,0,1,0,0,0,0,0,0,6,28700,9424,32.8362369337979,25.2996515679443,7.06968641114983
"32","Durham",22359,51591,37063,"NC_ Durham County","NC",35.994108,-78.908949,"290.6",37,"6640","Raleigh-Durham-Chapel Hill_ NC","223,314","244,942",9.6,"843.7",NA,NA,NA,NA,NA,NA,NA,NA,NA,NA,NA,NA,NA,NA,NA,NA,NA,NA,NA,NA,37.1,NA,NA,999,NA,117,NA,NA,0,NA,NA,NA,NA,NA,NA,NA,NA,NA,NA,NA,NA,NA,NA,NA,NA,NA,NA,NA,NA,NA,NA,NA,NA,NA,NA,NA,NA,NA,NA,NA,NA,NA,NA,61.64,41.42,12.7,0.45,1.55,NA,4.62,NA,NA,NA,NA,26.41,25.63,16.91,10.87,NA,NA,NA,19.57,24.34,19.73,11.35,10.94,5.81,3.06,2.19,2.11,NA,37,NA,NA,NA,NA,5.1,108,NA,NA,0.09,15.96,9.93,5.11,64.13,67.96,35.87,31.57,0.29,12.41,23.53,NA,36.74,54.78,3.44,31.42,4.93,9.8,1.62,83,40.1,25.38,35.18,49.39,49.36,52.8,12.22,70.21,20.77,46.05,12.34,13.54,30.1,NA,0,0,"1",0,0,0,0,0,0,0,0,0,8,192270,74653,38.8271701253446,11.6289592760181,26.8325791855204
"33","Edgecombe",8359,3526,37065,"NC_ Edgecombe County","NC",35.906617,-77.659794,"505.0",37,"6895","Rocky Mount_ NC","55,606","53,771",-3.3,"106.4",NA,NA,NA,NA,NA,NA,NA,NA,NA,NA,NA,NA,NA,NA,NA,NA,NA,NA,919,911,43.2,NA,NA,166,150,14,168,NA,0,NA,NA,NA,NA,NA,NA,NA,NA,NA,NA,NA,NA,NA,NA,NA,NA,NA,NA,954,NA,NA,NA,362,161,149,127,NA,NA,NA,NA,NA,NA,NA,NA,40.4,55.4,3.74,0.3,0.3,164,0.29,NA,NA,NA,NA,18.84,20.18,17.22,12.3,NA,NA,NA,32.5,29.3,19.32,7.68,5.59,1.82,0.81,0.75,0.64,NA,37,NA,NA,NA,NA,9.6,13,NA,NA,0.05,12.98,23.55,9.63,62.34,61.09,37.66,38.73,2.87,4.93,29.93,781,12.45,84.93,4.39,16.71,5.21,15.96,23.05,65.6,8.5,17.18,25.73,33.26,62.04,51.6,11.32,42.54,26.01,55.53,10.67,18.28,27.54,NA,0,0,"0",1,0,0,0,0,0,0,0,0,2,38416,12206,31.7732194918784,21.759162848813,9.17846730528946
"34","Forsyth",41772,37650,37067,"NC_ Forsyth County","NC",36.109518,-80.25717,"408.8",37,"3120","Greensboro--Winston-Salem--High Point_ NC","306,067","329,689",7.7,"804.9",NA,NA,NA,NA,NA,NA,NA,NA,NA,NA,NA,NA,NA,NA,NA,NA,NA,NA,NA,NA,42.9,NA,NA,NA,NA,245,NA,NA,0,NA,NA,NA,NA,NA,NA,NA,NA,NA,NA,NA,NA,NA,NA,NA,NA,NA,NA,NA,NA,NA,NA,NA,NA,NA,NA,NA,NA,NA,NA,NA,NA,NA,NA,76.62,27.86,10.7,0.39,1.26,NA,1.59,NA,NA,NA,NA,21.91,23.89,18.78,13.88,NA,NA,NA,20.79,25.17,19.98,10.98,10.31,4.95,2.27,2.13,2.34,NA,37,NA,NA,NA,NA,4.6,124,NA,NA,0.08,10.19,16.06,4.59,43.66,45.53,56.34,54.12,0.34,8.94,27.97,997,23.99,61.85,5.27,22.67,5.44,7.95,5.26,82,28.7,20.63,36.19,40.22,41.44,52.65,12.37,58.19,19.29,50.66,12.74,14.37,27.21,NA,0,1,"0",0,0,0,0,0,0,0,0,0,1,233744,80282,34.3461222534054,17.870833048121,16.1073653227463
"35","Franklin",9515,4872,37069,"NC_ Franklin County","NC",36.051461,-78.329408,"492.0",37,"6640","Raleigh-Durham-Chapel Hill_ NC","47,260","55,522",17.4,"112.8",NA,NA,NA,NA,NA,NA,NA,NA,NA,NA,NA,NA,NA,NA,NA,NA,NA,NA,856,884,43.1,NA,NA,304,180,14,276,NA,0,NA,NA,NA,NA,NA,NA,NA,NA,NA,NA,NA,NA,NA,NA,NA,NA,NA,NA,NA,NA,NA,NA,621,262,93,176,NA,NA,NA,NA,NA,NA,NA,NA,83.36,32.49,8.15,0.64,0.58,194,0.41,NA,NA,NA,NA,23.07,27.65,20.87,13.8,NA,NA,NA,24.12,26.59,22.5,11.69,8.84,2.92,1.23,0.44,0.83,NA,37,NA,NA,NA,NA,4.7,8,NA,NA,0.03,14.08,18.52,4.73,46.72,44.39,53.28,55.17,2.13,6.85,28.77,925,16.01,72.19,4.52,16.29,7.15,9.96,34,73.6,13.2,11.35,42.8,32.63,48.8,57.22,17.26,48.65,23.24,52.5,10.59,16.91,28.11,NA,0,0,"1",0,0,0,0,0,0,0,0,0,8,38408,14592,37.9920849822954,24.7734846906894,12.6848573213914
"36","Gaston",31739,9652,37071,"NC_ Gaston County","NC",35.275439,-81.159551,"357.1",37,"1520","Charlotte-Gastonia-Rock Hill_ NC","190,365","197,518",3.7,"554.5",NA,NA,NA,NA,NA,NA,NA,NA,NA,NA,NA,NA,NA,NA,NA,NA,NA,NA,NA,NA,42.9,NA,NA,570,NA,60,NA,NA,0,NA,NA,NA,NA,NA,NA,NA,NA,NA,NA,NA,NA,NA,NA,NA,NA,NA,NA,NA,NA,NA,NA,NA,972,753,897,NA,NA,NA,NA,NA,NA,NA,NA,85.95,15.51,5.31,0.3,0.79,NA,1.21,NA,NA,NA,NA,20.91,23.01,18.56,13.16,NA,NA,NA,22.15,27.74,21.5,10.71,8.99,3.98,1.26,0.97,1.16,NA,37,NA,NA,NA,NA,5.7,59,NA,NA,0.06,10.1,26.58,5.66,32.83,31.77,67.17,67.84,0.38,5.82,27.21,924,15.86,72.87,7.2,15.06,4.86,8.32,11.41,71.4,14.2,16.05,33.05,37.9,34.31,58.83,14.78,41.69,21.98,49.12,11.84,15.11,25.2,NA,0,0,"0",0,1,0,0,0,0,0,0,0,3,128852,41664,32.3347716760314,24.6321360941235,7.49076459814361
"37","Gates",1761,632,37073,"NC_ Gates County","NC",36.453978,-76.71316,"340.8",37,"#NULL!"," ","10,516","11,478",9.1,"33.7",740,NA,608,671,869,914,771,633,633,728,914,908,781,725,592,498,415,338,236,244,43.6,NA,NA,55,64,3,44,89,0,NA,NA,NA,724,503,NA,NA,NA,NA,940,567,361,282,325,273,255,295,293,203,313,515,350,110,30,39,17,0,NA,NA,NA,NA,NA,NA,NA,68.65,38.92,0.85,0.52,0.42,67,0.64,NA,NA,NA,NA,19.37,24.25,19.95,16.46,NA,NA,809,28.09,26.65,18.78,11.95,8.12,2.55,0.7,0.91,0.39,NA,37,NA,NA,NA,199,4.4,22,952,933,0.48,20.5,20.92,4.37,56.78,52.33,43.22,47.47,6.07,4.99,27.41,855,11.96,56.49,6.26,19.79,6.42,14.53,34.93,71.4,10.5,11.22,34.6,28.75,54.79,54.76,10.36,50.04,24.34,49.62,10.65,16.55,26.64,NA,0,0,"0",1,0,0,0,0,0,0,0,0,2,8150,2476,30.3803680981595,21.6073619631902,7.75460122699387
"38","Graham",2313,290,37075,"NC_ Graham County","NC",35.335071,-83.795295,"292.0",37,"#NULL!"," ","7,993","7,992",0,"27.3",576,NA,483,468,501,493,478,460,463,471,527,535,538,580,493,432,367,294,208,201,47.6,NA,41,586,39,1,11,67,0,NA,NA,NA,635,NA,NA,NA,NA,NA,888,627,411,307,244,266,219,247,161,166,215,206,143,62,18,25,3,0,0,NA,0,NA,NA,0,0,91.51,0.51,0.84,7.33,0.14,40,0.5,NA,NA,NA,NA,17.53,19.18,20.16,18.79,NA,976,542,39.73,28.83,16.01,6.09,4.22,1.83,0.53,0.74,0.09,NA,37,NA,NA,NA,206,5.9,1,695,680,0.03,19.4,19.83,5.88,30.39,31.9,69.61,67.54,4.46,2.4,27.71,591,14.93,76.47,2.91,20.62,8.07,14.4,25.69,68.4,11.2,11.12,26.73,27.84,33.98,59.3,13.87,48.24,23.88,55.82,6.52,14.13,29.03,NA,0,0,"0",0,0,0,0,0,1,0,0,0,9,6600,2643,40.0454545454545,35.0454545454545,4.39393939393939
"39","Granville",8341,4022,37077,"NC_ Granville County","NC",36.2383,-78.658278,"531.1",37,"#NULL!"," ","48,498","53,805",10.9,"101.3",NA,NA,NA,NA,NA,NA,NA,NA,NA,NA,NA,NA,NA,NA,NA,NA,NA,NA,878,870,43.1,NA,NA,371,356,1,373,NA,0,NA,NA,NA,NA,NA,NA,NA,NA,NA,NA,NA,NA,NA,NA,NA,NA,NA,NA,NA,NA,NA,NA,696,246,208,213,NA,NA,NA,NA,NA,NA,0,NA,70.81,37.86,6.82,0.76,0.77,357,0.74,NA,NA,NA,NA,22.27,26.69,19.96,13.72,NA,NA,NA,24.15,24.87,22.34,11.18,9.07,3.7,1.31,1.11,1.13,NA,37,NA,NA,NA,972,4.4,32,NA,NA,0.15,21,21.63,4.44,51.22,48.69,48.78,51.02,2.66,7.18,26.34,951,16.56,73.34,3.36,24.94,6.54,9.04,28.6,73,13,12.09,37.05,34.55,52.85,53.46,13.66,51.87,22.8,46.97,10.15,15,29.9,NA,0,0,"0",1,0,0,0,0,0,0,0,0,2,34701,12632,36.402409152474,24.036771274603,11.5904440794213
"40","Greene",3032,1155,37079,"NC_ Greene County","NC",35.472836,-77.668536,"265.3",37,"#NULL!"," ","18,974","20,040",5.6,"75.5",NA,NA,NA,NA,NA,NA,NA,NA,NA,NA,NA,NA,NA,NA,920,748,610,483,343,362,43,NA,NA,81,26,2,72,NA,0,NA,NA,NA,NA,694,NA,NA,NA,NA,NA,NA,638,559,537,479,611,481,452,353,774,458,432,117,39,16,62,0,NA,NA,NA,NA,NA,0,NA,62.46,42.2,11.97,0.43,0.38,28,0.15,NA,NA,NA,NA,22,23.35,18.27,13.42,NA,NA,NA,31.66,29.31,21.95,6.37,6.01,1.63,0.54,0.22,0.86,NA,37,NA,NA,NA,620,7.3,15,NA,NA,0.18,17.77,22.5,7.27,42.5,41.18,57.5,58.71,7.31,3.28,29.27,813,13.5,81.6,4.19,21.09,7.44,15.96,36.92,65.4,8.2,9.85,30.33,31.56,58.43,51.04,21.52,47.35,26.12,51.86,10.36,21.08,27.67,NA,0,0,"0",1,0,0,0,0,0,0,0,0,2,11097,4259,38.3797422726863,27.3226998287826,10.4082184374155
"41","Guilford",58520,58448,37081,"NC_ Guilford County","NC",36.061421,-79.851229,"648.0",37,"3120","Greensboro--Winston-Salem--High Point_ NC","421,048","448,028",6.4,"689.8",NA,NA,NA,NA,NA,NA,NA,NA,NA,NA,NA,NA,NA,NA,NA,NA,NA,NA,NA,NA,42.8,NA,NA,NA,NA,213,NA,NA,0,NA,NA,NA,NA,NA,NA,NA,NA,NA,NA,NA,NA,NA,NA,NA,NA,NA,NA,NA,NA,NA,NA,NA,NA,NA,NA,NA,NA,NA,NA,NA,NA,NA,NA,67.94,33.21,5.94,0.52,1.24,NA,3.5,NA,NA,NA,NA,23.11,23.76,18.14,12.96,NA,NA,NA,19.81,26.02,20.62,10.51,9.81,5.11,2.52,2.14,2.5,NA,37,NA,NA,NA,NA,5.5,177,NA,NA,0.08,11.89,17.51,5.47,48.91,50.19,51.09,49.3,0.34,8.96,28.74,NA,28.42,61.23,5.26,18.7,5.23,7.62,3.93,83,30.3,24.36,34.99,40.73,43.68,55.87,11.47,56.21,21.98,50.58,13.23,15.78,27.14,NA,0,0,"1",0,0,0,0,0,0,0,0,0,8,338263,118227,34.9512066055111,17.300148109607,17.2788628966219
"42","Halifax",8554,4070,37083,"NC_ Halifax County","NC",36.347045,-77.674319,"725.6",37,"#NULL!"," ","57,370","55,565",-3.1,"76.6",NA,NA,NA,NA,NA,NA,NA,NA,NA,NA,NA,NA,NA,NA,NA,NA,NA,NA,NA,NA,43.1,NA,NA,NA,353,0,269,650,0,NA,NA,NA,NA,NA,NA,NA,NA,NA,NA,NA,NA,NA,NA,NA,NA,NA,NA,919,NA,NA,961,482,125,140,148,NA,NA,NA,NA,NA,NA,0,NA,40.02,52.26,1.13,3.49,0.47,353,0.62,NA,NA,NA,NA,18.47,19.82,17.06,14.33,NA,NA,NA,38.4,28.25,17.01,6.31,4.46,2.24,0.58,0.65,0.69,NA,37,NA,NA,NA,NA,8.1,11,NA,NA,0.05,18.26,21.19,8.08,60.41,58.68,39.59,41.17,3.63,3.56,33.18,772,13.15,83.01,4.36,20.06,5.67,19.4,24.59,65.4,11.1,14.52,25.22,30.09,64.06,51.24,9.83,48.14,25.1,59.47,10.98,16.97,28.64,NA,0,0,"0",1,0,0,0,0,0,0,0,0,2,35932,12901,35.9039296448848,23.8060781476122,11.3269509072693
"43","Harnett",14678,4828,37085,"NC_ Harnett County","NC",35.362895,-78.828445,"595.1",37,"#NULL!"," ","91,025","105,832",16.2,"177.8",NA,NA,NA,NA,NA,NA,NA,NA,NA,NA,NA,NA,NA,NA,NA,NA,NA,NA,NA,NA,37.3,NA,NA,968,966,146,NA,NA,0,NA,NA,NA,NA,NA,NA,NA,NA,NA,NA,NA,NA,NA,NA,NA,NA,NA,NA,NA,NA,NA,NA,NA,386,262,395,NA,NA,NA,NA,NA,NA,NA,NA,86.58,25.88,9.79,1.06,1.52,NA,1.22,NA,NA,NA,NA,26.35,25.67,17.67,12.32,NA,NA,NA,27.44,28.63,21.47,9.07,7.3,2.66,0.97,0.66,1,NA,37,NA,NA,NA,NA,8.3,NA,NA,NA,5.37,14.57,18.04,7.83,38.28,35.5,61.72,64.24,2.18,5.79,29.48,896,24.09,65.38,3.86,18.6,6.5,11.29,31.86,75,12.8,10.04,36.11,39.83,45.24,58.45,20.15,50,24.83,58.04,10.46,23.08,30.16,NA,0,0,"0",0,0,0,0,0,0,0,1,0,11,64072,19719,30.7763141465851,22.9086028218254,7.53527281807966
"44","Haywood",11228,4319,37087,"NC_ Haywood County","NC",35.516349,-82.941559,"553.6",37,"#NULL!"," ","54,033","56,280",4.1,"101.6",NA,NA,NA,NA,NA,NA,NA,NA,NA,NA,NA,NA,NA,NA,NA,NA,NA,NA,NA,NA,47.5,NA,795,293,207,18,317,996,0,NA,NA,NA,NA,NA,NA,NA,NA,NA,NA,NA,NA,NA,NA,NA,NA,NA,NA,NA,NA,NA,NA,557,148,223,229,NA,NA,NA,NA,NA,NA,0,NA,101.14,1.47,1.84,0.54,0.59,225,0.42,NA,NA,NA,NA,17.58,21.32,20.93,20.89,NA,NA,NA,27.1,30.38,20.78,9.06,6.52,2.29,0.61,0.92,0.94,NA,37,NA,NA,NA,NA,4.6,6,NA,NA,0.02,14.49,15.8,4.56,44.69,43.33,55.31,56.09,2.22,5.57,31.94,811,19.25,70.36,3.47,21.18,9.58,8.12,18.21,77.7,16,13.78,32.29,29.13,25.65,67.66,11.49,55.93,17.85,60.52,9.5,14.36,29.56,NA,0,0,"0",0,1,0,0,0,0,0,0,0,3,42122,15651,37.1563553487489,26.6559042780495,10.2535492141874
"45","Henderson",19601,9976,37089,"NC_ Henderson County","NC",35.33772,-82.473931,"373.6",37,"#NULL!"," ","89,173","98,527",10.4,"263.4",NA,NA,NA,NA,NA,NA,NA,NA,NA,NA,NA,NA,NA,NA,NA,NA,NA,NA,NA,NA,47.6,NA,NA,321,681,4,678,NA,0,NA,NA,NA,NA,NA,NA,NA,NA,NA,NA,NA,NA,NA,NA,NA,NA,NA,NA,NA,NA,NA,NA,NA,538,591,636,NA,NA,NA,NA,NA,NA,NA,NA,105.21,3.39,9.09,0.36,0.76,685,0.77,NA,NA,NA,NA,18.35,21.62,20.71,23.63,NA,NA,NA,21.41,30.2,21.46,9.98,8.42,3.21,1.29,1.42,1.53,NA,37,NA,NA,NA,NA,4.6,12,NA,NA,0.03,11.1,19.98,4.6,32.84,34.7,67.16,64.82,2.05,6.84,30.41,920,15.82,49.84,3.81,19.21,8.99,6.78,20.23,83.2,24.1,15.59,38.66,27.27,27.28,65.39,18.58,54.4,20.65,59.02,12.44,15.15,30.19,NA,0,0,"0",0,1,0,0,0,0,0,0,0,3,77214,29804,38.5992177584376,25.3852928225451,12.9199367990261
"46","Hertford",3817,1627,37091,"NC_ Hertford County","NC",36.34851,-77.00867,"352.9",37,"#NULL!"," ","22,601","23,435",3.6,"66.3",NA,NA,NA,NA,NA,NA,NA,NA,NA,NA,NA,NA,NA,NA,NA,997,865,723,509,529,43.4,NA,NA,295,137,6,83,472,0,NA,NA,NA,NA,795,NA,NA,NA,NA,NA,NA,844,966,972,675,710,584,394,387,586,601,485,158,81,63,96,0,NA,NA,NA,NA,NA,0,NA,36.64,64.74,2.09,1.31,0.37,143,0.63,NA,NA,NA,NA,19.15,20.8,19.53,16.03,NA,NA,NA,36.57,31.47,14.63,6.43,5.19,1.69,0.87,0.67,1.03,NA,37,NA,NA,NA,829,8.7,12,NA,NA,0.13,17.41,20.61,8.69,69.72,63.22,30.28,36.18,3.99,3.9,29.45,746,13.66,78.85,3.32,25.27,6.27,15.88,25.51,65.6,11.1,12.86,27.78,29.4,68.97,56.08,7.82,53.37,23.08,57.36,10.67,16.1,30.3,NA,0,0,"0",1,0,0,0,0,0,0,0,0,2,14443,5718,39.5901128574396,26.4280274181264,11.2649726511113
"47","Hoke",4366,2344,37093,"NC_ Hoke County","NC",34.982597,-79.193821,"390.9",37,"#NULL!"," ","33,646","42,770",27.1,"109.3",NA,NA,NA,NA,NA,NA,NA,NA,NA,NA,NA,NA,NA,NA,NA,NA,882,666,405,375,37.3,NA,NA,NA,417,102,791,NA,0,NA,NA,NA,NA,NA,NA,NA,NA,NA,NA,NA,987,NA,NA,NA,NA,NA,685,813,NA,NA,884,297,140,14,111,NA,NA,NA,NA,NA,NA,NA,NA,65.03,45.67,13.25,12.52,2.35,519,1.54,NA,NA,NA,NA,29.15,28.46,17.12,10.28,NA,NA,NA,27.17,32.98,20.01,9.15,6.04,2.03,0.96,0.1,0.76,NA,37,NA,NA,NA,991,7,NA,NA,NA,9.48,14.59,22.49,6.36,59.33,52.25,40.67,47.41,3.19,3.28,29.37,854,18.36,64.76,4.46,21.06,5.18,14.38,33.4,73.5,10.9,7.82,37.12,42.67,57.03,58,21.41,48.38,25.49,61.03,13.14,31.06,29.89,NA,0,0,"1",0,0,0,0,0,0,0,0,0,8,27666,6807,24.6042073302971,15.7811031591123,8.47249331309188
"48","Hyde",909,509,37095,"NC_ Hyde County","NC",35.464292,-76.207561,"613.0",37,"#NULL!"," ","5,826","5,356",-8,"8.7",320,654,265,270,310,321,320,347,364,378,419,433,391,362,284,248,208,166,120,150,43,NA,NA,24,20,0,0,96,0,NA,NA,NA,476,NA,NA,NA,NA,NA,598,310,187,142,174,216,189,156,97,69,159,147,80,42,18,5,0,0,0,NA,NA,0,0,0,0,59.06,32.11,1.65,0.41,0,20,0.34,NA,NA,NA,892,17.7,21.11,17.8,15.31,639,735,325,31.65,36.4,16.1,7.28,3.96,2.08,0.89,0.25,0,NA,37,NA,NA,NA,124,5.3,0,171,594,0,25.17,7.25,5.25,49.01,45.7,50.99,53.86,15.88,2.68,38.42,689,5.74,78.82,6.08,15.43,16.64,10.3,23.44,68.4,10.6,12.97,24.26,25.78,45.9,55.52,14.03,60.01,27.43,64.78,12.69,19.86,25.87,NA,0,0,"0",0,0,0,0,0,1,0,0,0,9,3609,1449,40.1496259351621,25.1870324189526,14.103629814353
"49","Iredell",24910,9013,37097,"NC_ Iredell County","NC",35.72622,-80.870388,"574.9",37,"#NULL!"," ","122,660","144,103",17.4,"250.3",NA,NA,NA,NA,NA,NA,NA,NA,NA,NA,NA,NA,NA,NA,NA,NA,NA,NA,NA,NA,43.1,NA,NA,482,NA,25,NA,NA,0,NA,NA,NA,NA,NA,NA,NA,NA,NA,NA,NA,NA,NA,NA,NA,NA,NA,NA,NA,NA,NA,NA,NA,968,906,NA,NA,NA,NA,NA,NA,NA,NA,NA,99.75,14.66,5.85,0.39,0.85,NA,1.83,NA,NA,NA,NA,22.15,26.33,20.99,15.45,NA,NA,NA,19.44,26.52,22.12,11.26,10.35,3.9,1.72,1.61,2.04,NA,37,NA,NA,NA,NA,4,52,NA,NA,0.08,9.82,26.95,3.96,34.08,31.71,65.92,67.88,1.76,5.64,27.9,986,14.19,64.74,5.15,15.95,6.78,6.18,17.86,78.4,17.4,13.03,41.41,33.32,36.72,58.06,17.53,46.3,23.32,48.05,13.92,15.16,28.63,NA,0,1,"0",0,0,0,0,0,0,0,0,0,1,105936,34310,32.3874792327443,23.5141972511705,8.50796707446005
"50","Jackson",5706,3544,37099,"NC_ Jackson County","NC",35.337681,-83.198724,"490.4",37,"#NULL!"," ","33,121","35,489",7.1,"72.3",NA,NA,NA,NA,NA,NA,NA,NA,NA,NA,NA,NA,NA,NA,NA,NA,NA,NA,736,696,42.5,NA,839,NA,189,2,360,737,0,NA,NA,NA,NA,NA,NA,NA,NA,NA,NA,NA,NA,NA,NA,NA,913,949,815,782,NA,NA,982,334,193,110,198,NA,NA,NA,NA,NA,NA,0,NA,91.71,2.53,2.23,11.25,1.09,191,0.58,NA,NA,NA,NA,27.82,19.96,19.68,16.33,NA,NA,NA,28.9,29.68,19.02,8.28,6.9,2.35,1.36,0.77,1.39,NA,37,NA,NA,NA,NA,10.2,14,NA,NA,0.08,23,7.55,10.24,47.85,47.53,52.15,51.86,1.79,6.94,33.32,824,50.41,62.72,3.02,29.23,9.4,9.49,20.49,78.8,25.5,11.81,33.79,40.23,36.59,56.81,10.3,66.38,21.71,67.48,7.95,11.82,50.2,NA,0,0,"0",0,0,0,0,0,1,0,0,0,9,26217,9319,35.5456383262768,21.7645039478201,13.5179463706755
"51","Johnston",26341,9455,37101,"NC_ Johnston County","NC",35.550979,-78.398064,"791.2",37,"6640","Raleigh-Durham-Chapel Hill_ NC","121,965","150,557",23.4,"190.1",NA,NA,NA,NA,NA,NA,NA,NA,NA,NA,NA,NA,NA,NA,NA,NA,NA,NA,NA,NA,42.8,NA,NA,679,714,252,939,NA,0,NA,NA,NA,NA,NA,NA,NA,NA,NA,NA,NA,NA,NA,NA,NA,NA,NA,NA,NA,NA,NA,NA,NA,652,538,544,NA,NA,NA,NA,NA,NA,NA,NA,101.35,19.97,13.02,0.56,0.77,966,0.79,NA,NA,NA,NA,24.82,28.97,20.26,13.01,NA,NA,NA,23.12,25.27,22.44,11.84,9.62,3.86,1.12,0.93,0.94,NA,37,NA,NA,NA,NA,4,149,NA,NA,0.24,17.41,14.15,3.95,33.49,31.76,66.51,67.89,1.87,7.74,28.66,997,14.7,68.76,4.42,15.73,6.79,8.91,23.61,75.9,15.9,12.08,45.1,35.96,40.29,56.78,21.86,50.36,23.06,52.94,10.93,16.12,28.11,NA,0,0,"1",0,0,0,0,0,0,0,0,0,8,102221,36016,35.2334647479481,25.7686776689721,9.24956711438941
"52","Jones",1823,737,37103,"NC_ Jones County","NC",35.027444,-77.342732,"471.9",37,"#NULL!"," ","10,381","10,318",-0.6,"21.8",636,NA,521,578,756,767,684,587,574,611,758,789,751,699,553,458,399,332,251,250,43.6,NA,NA,42,33,6,33,344,0,NA,NA,NA,853,623,NA,NA,NA,NA,990,599,351,346,311,358,338,333,237,169,274,360,209,55,13,14,72,NA,0,NA,NA,NA,NA,0,NA,64.71,33.58,3.31,0.4,0.32,39,0.38,NA,NA,NA,NA,17.77,20.79,19.29,16.28,NA,NA,680,31.64,32.71,16.6,8.79,5.1,1.34,0.32,0.34,1.76,NA,37,NA,NA,NA,228,5,48,533,867,1.05,18.89,11.61,4.97,46.29,41.95,53.71,57.77,6.86,4.73,31.76,818,14.38,82.28,5.68,24.3,9.23,14.25,34.92,72.2,9.5,12.07,28.78,24.54,56.04,49.69,13.08,57.31,23.48,56.36,8.73,32.11,26.62,NA,0,0,"0",1,0,0,0,0,0,0,0,0,2,7442,2588,34.7755979575383,24.496103198065,9.90325181402849
"53","Lee",8306,3500,37105,"NC_ Lee County","NC",35.462801,-79.172938,"257.2",37,"#NULL!"," ","49,040","56,878",15.9,"221.0",NA,NA,NA,NA,NA,NA,NA,NA,NA,NA,NA,NA,NA,NA,NA,NA,NA,NA,NA,985,43,NA,NA,331,419,43,279,NA,0,NA,NA,NA,NA,NA,NA,NA,NA,NA,NA,NA,NA,NA,NA,NA,NA,NA,NA,NA,NA,NA,NA,953,260,236,319,NA,NA,NA,NA,NA,NA,0,NA,90.13,23.66,17.13,0.67,0.57,462,0.94,NA,NA,NA,NA,23.03,24.59,19.79,15.12,NA,NA,NA,23.05,27.27,19.95,10.09,10.26,4.4,1.2,1.09,1.47,NA,37,NA,NA,NA,NA,4.6,201,NA,NA,0.83,12.89,29.03,4.61,41.91,39.18,58.09,60.55,1.33,5.52,27.12,927,15,65.37,3.52,17.71,6.75,9.84,18.08,76.3,17.2,11.67,37.66,35.13,39.62,53.27,25.33,44.85,21.21,46.53,11.99,18.56,30.38,NA,0,0,"0",0,0,1,0,0,0,0,0,0,6,32977,11946,36.2252479000515,25.1872517208964,10.6134578645723
"54","Lenoir",8635,3411,37107,"NC_ Lenoir County","NC",35.262266,-77.631675,"400.2",37,"#NULL!"," ","59,648","57,644",-3.3,"144.1",NA,NA,NA,NA,NA,NA,NA,NA,NA,NA,NA,NA,NA,NA,NA,NA,NA,NA,NA,NA,43.3,NA,NA,121,268,44,172,NA,0,NA,NA,NA,NA,NA,NA,NA,NA,NA,NA,NA,NA,NA,NA,NA,NA,NA,NA,NA,NA,NA,NA,465,188,189,237,NA,NA,NA,NA,NA,NA,0,NA,55.6,40.02,4.22,0.2,0.29,312,0.52,NA,NA,NA,NA,18.06,19.88,17.96,14.16,NA,NA,NA,31.17,29.48,19.33,8.02,5.94,2.01,0.81,0.82,1.02,NA,37,NA,NA,NA,NA,8,75,NA,NA,0.27,18.37,18.98,7.99,45.28,44.04,54.72,55.82,3.57,4.56,30.5,861,16.05,82.35,3.66,23.27,7.21,12.61,23.9,71.9,13.3,13.72,26.3,33.66,53.31,51.66,11.02,52.56,24.66,56.13,10.14,18.12,29.69,NA,0,0,"0",1,0,0,0,0,0,0,0,0,2,38142,12374,32.4419275339521,22.6390855225211,8.94289759320434
"55","Lincoln",15268,4467,37109,"NC_ Lincoln County","NC",35.483065,-81.194248,"298.3",37,"1520","Charlotte-Gastonia-Rock Hill_ NC","63,780","70,989",11.3,"237.5",NA,NA,NA,NA,NA,NA,NA,NA,NA,NA,NA,NA,NA,NA,NA,NA,NA,NA,NA,NA,43,NA,NA,240,285,6,456,NA,0,NA,NA,NA,NA,NA,NA,NA,NA,NA,NA,NA,NA,NA,NA,NA,NA,NA,NA,NA,NA,NA,NA,975,486,300,279,NA,NA,NA,NA,NA,NA,NA,NA,102.81,6.94,9.37,0.38,0.71,291,0.46,NA,NA,NA,NA,21.68,25.37,20.45,13.85,NA,NA,NA,19.02,27.1,24.45,11.49,9.21,3.61,1.8,1.11,1.03,NA,37,NA,NA,NA,NA,3.9,28,NA,NA,0.08,10.49,30.77,3.89,34.53,31.89,65.47,67.79,0.91,5.91,24.37,965,13.73,71.49,8.2,13.85,5.3,6.88,24.58,71.7,13,11.89,39.48,35.81,30.58,56.4,19.6,39.8,21.11,44.04,11.08,15.77,24.79,NA,0,1,"0",0,0,0,0,0,0,0,0,0,1,51050,19906,38.9931439764936,29.9079333986288,8.75024485798237
"56","Macon",6377,2068,37113,"NC_ Macon County","NC",35.158433,-83.377767,"516.5",37,"#NULL!"," ","29,811","32,346",8.5,"62.6",NA,NA,NA,NA,NA,NA,NA,NA,NA,NA,NA,NA,NA,NA,NA,NA,NA,NA,NA,NA,47.9,NA,528,128,202,0,174,701,0,NA,NA,NA,NA,NA,NA,NA,NA,NA,NA,NA,NA,NA,NA,NA,NA,NA,826,804,NA,NA,736,373,147,108,175,NA,NA,NA,NA,NA,NA,NA,NA,105.04,1.77,2.35,0.43,0.58,202,0.68,NA,NA,NA,NA,17.51,19.7,22.11,25.11,NA,NA,NA,29.64,31.41,19.17,7.19,5.25,2.66,1.05,0.77,1.25,NA,37,NA,NA,NA,656,4.9,10,NA,NA,0.07,14.11,10.95,4.85,35.78,36.53,64.22,62.89,2.63,7.24,31.75,700,17.67,47,2.95,18.34,13.37,8.78,14.83,77.3,16.2,14.66,37.17,23.45,26.52,71.84,14.4,60.74,19.49,64.24,11.73,15.06,30.77,NA,0,0,"0",0,1,0,0,0,0,0,0,0,3,24365,8561,35.136466242561,26.1727888364457,8.48758465011287
"57","Madison",3822,1605,37115,"NC_ Madison County","NC",35.841737,-82.649167,"449.6",37,"480","Asheville_ NC","19,635","20,300",3.3,"45.1",NA,NA,NA,NA,NA,NA,NA,NA,NA,NA,NA,NA,NA,NA,NA,958,784,622,475,503,43,NA,216,52,76,2,71,322,0,NA,NA,NA,NA,NA,NA,NA,NA,NA,NA,NA,852,549,701,594,652,581,491,401,685,704,401,205,64,47,51,NA,0,NA,NA,NA,NA,0,NA,101.26,1.1,1.64,0.26,0.36,78,0.4,NA,NA,NA,NA,20.89,20.77,19.99,17.02,NA,NA,NA,31.53,30.38,18.95,8.46,4.82,2.46,0.77,0.56,0.61,NA,37,NA,NA,NA,478,5.2,24,NA,NA,0.26,15.27,17.11,5.18,42.84,44.74,57.16,54.69,3.57,5.67,28.53,790,27.9,70.37,5.14,20.66,10.32,10.88,27.76,69.3,16.1,12.95,31.67,33.68,27.71,67.03,12.44,54.1,20.24,56.21,6.8,14.1,28.44,NA,0,0,"0",0,1,0,0,0,0,0,0,0,3,16183,5474,33.8256194772292,23.6173762590373,9.91781499103998
"58","Martin",4079,1666,37117,"NC_ Martin County","NC",35.834625,-77.103742,"461.3",37,"#NULL!"," ","25,593","24,339",-4.9,"52.7",NA,NA,NA,NA,NA,NA,NA,NA,NA,NA,NA,NA,NA,NA,NA,NA,888,721,524,514,43.3,NA,NA,87,85,11,62,542,0,NA,NA,NA,NA,932,NA,NA,NA,NA,NA,NA,906,757,887,736,635,520,409,505,696,805,603,209,100,39,63,NA,0,NA,NA,NA,NA,0,NA,51.54,42.6,2.12,0.34,0.24,96,0.38,NA,NA,NA,NA,17.38,19.16,17.99,14.55,NA,NA,NA,33.76,28.88,16.74,8.37,6.27,2.17,1.04,0.41,0.65,NA,37,NA,NA,NA,928,8,22,NA,NA,0.19,15.2,21.94,8,52.72,48.81,47.28,51.03,5.12,5.04,29.64,724,14.19,86.29,3.8,20.97,7.77,16.26,23.38,70.7,11.6,13.69,25.34,30.84,55.54,54.75,10.04,50.4,22.57,52.21,9.99,16.4,29.13,NA,0,0,"0",1,0,0,0,0,0,0,0,0,2,17242,5833,33.8301821134439,23.6573483354599,9.66245215172254
"59","McDowell",8352,1726,37111,"NC_ McDowell County","NC",35.669771,-82.02606,"441.5",37,"#NULL!"," ","42,151","43,216",2.5,"97.8",NA,NA,NA,NA,NA,NA,NA,NA,NA,NA,NA,NA,NA,NA,NA,NA,NA,NA,894,850,42.9,NA,NA,136,452,5,202,NA,0,NA,NA,NA,NA,NA,NA,NA,NA,NA,NA,NA,NA,NA,NA,NA,NA,NA,NA,990,NA,NA,846,360,147,113,104,NA,NA,NA,NA,NA,NA,0,NA,96.56,4.08,4.42,0.32,0.48,457,1.08,NA,NA,NA,NA,20.31,22.2,19.09,15.42,NA,NA,NA,27.25,33.35,20.9,8.17,4.92,2.09,0.86,0.66,0.61,NA,37,NA,NA,NA,930,4.5,29,NA,NA,0.14,12.68,37.42,4.53,34.26,33.31,65.74,66.18,1.2,3.4,26.13,680,14.35,79.18,2.92,15.82,5.37,8.96,29.7,70.2,9,11.93,28.08,31.68,27.65,66.25,19.39,31.79,24.75,48.22,9.72,16.36,31.11,NA,0,0,"0",0,1,0,0,0,0,0,0,0,3,28333,10199,35.9968940811068,29.4779938587513,6.09183637454558
"60","Mecklenburg",81042,95844,37119,"NC_ Mecklenburg County","NC",35.21642,-80.8119,"524.2",37,"1520","Charlotte-Gastonia-Rock Hill_ NC","695,454","818,626",17.7,"1,555.7",NA,NA,NA,NA,NA,NA,NA,NA,NA,NA,NA,NA,NA,NA,NA,NA,NA,NA,NA,NA,37.5,NA,NA,NA,NA,560,NA,NA,0,NA,NA,NA,NA,NA,NA,NA,NA,NA,NA,NA,NA,NA,NA,NA,NA,NA,NA,NA,NA,NA,NA,NA,NA,NA,NA,NA,NA,NA,NA,NA,NA,NA,NA,75.62,35.5,11.3,0.53,1.38,NA,4.68,NA,NA,NA,NA,25.57,28.66,18.74,10.75,NA,NA,NA,14.47,23.47,20.42,11.76,12.27,6.59,3.34,3.08,3.81,NA,37,NA,NA,NA,NA,5.2,303,NA,NA,0.08,8.95,10.17,5.17,48.63,51.63,51.37,48,0.23,11.7,27.8,NA,23.16,46.17,5.97,15.83,4.94,6.55,2.1,86.2,37.1,29.19,42.84,42.06,45.91,59.34,16.76,61.87,24.49,48.47,15.26,15.6,26.61,NA,0,0,"1",0,0,0,0,0,0,0,0,0,8,628677,178533,28.3982076646672,12.890880372592,15.2453485653205
"61","Mitchell",4773,978,37121,"NC_ Mitchell County","NC",35.959635,-82.12081,"221.3",37,"#NULL!"," ","15,687","15,699",0,"70.9",NA,NA,840,829,951,977,952,886,923,967,NA,NA,NA,NA,951,833,726,599,437,408,47.7,NA,74,94,32,0,38,433,0,NA,NA,NA,NA,NA,NA,NA,NA,NA,NA,859,684,525,613,517,532,426,413,469,499,417,323,112,35,74,30,0,0,NA,NA,NA,0,0,NA,98.56,0.47,2.76,0.6,0.24,32,0.2,NA,NA,NA,NA,17.6,20.3,20.11,19.14,NA,NA,NA,31.22,31.53,20.85,6.3,4.88,1.69,0.53,1.12,0.45,NA,37,NA,NA,NA,301,4.1,0,NA,969,0,13.19,28.97,4.1,23.55,26.67,76.45,72.92,5.76,3.62,28.78,722,14.57,77.84,3.24,18.14,7.41,10.72,22.25,68.6,12.2,12.79,27.09,28.93,24.24,71.53,15.51,44.1,19.24,51.9,7.8,14.51,30.22,NA,0,0,"0",0,1,0,0,0,0,0,0,0,3,11452,5809,50.7247642333217,41.6783094655955,8.53999301432064
"62","Montgomery",4520,1387,37123,"NC_ Montgomery County","NC",35.336605,-79.881217,"491.6",37,"#NULL!"," ","26,822","27,374",2,"55.6",NA,NA,NA,NA,NA,NA,NA,NA,NA,NA,NA,NA,NA,NA,NA,NA,923,753,559,554,42.9,NA,NA,195,491,0,108,NA,0,NA,NA,NA,NA,NA,NA,NA,NA,NA,NA,NA,942,766,680,840,676,692,547,620,876,926,593,200,106,86,203,NA,0,NA,NA,NA,NA,NA,NA,79.33,19.76,15.13,0.73,0.4,491,1.83,NA,NA,NA,NA,20.49,20.79,18.16,14.58,NA,NA,NA,30.02,28.13,19.9,9.02,5.78,1.95,1.03,0.84,1.98,NA,37,NA,NA,NA,632,5.1,14,NA,NA,0.11,13.95,37.33,5.07,44.58,42.79,55.42,56.99,3.64,4.07,22.48,786,13.79,77.91,2.76,14.33,6.68,10.9,28.26,64.2,10,12.38,29.53,31.98,39.99,57.67,26.88,36.6,22.79,35.78,10.23,17.03,31.52,NA,0,0,"0",0,0,1,0,0,0,0,0,0,6,16123,5976,37.0650623333127,28.0344848973516,8.60261737889971
"63","Moore",15124,8901,37125,"NC_ Moore County","NC",35.249186,-79.448008,"697.7",37,"#NULL!"," ","74,769","82,623",10.5,"118.4",NA,NA,NA,NA,NA,NA,NA,NA,NA,NA,NA,NA,NA,NA,NA,NA,NA,NA,NA,NA,47.5,NA,NA,665,539,95,606,NA,0,NA,NA,NA,NA,NA,NA,NA,NA,NA,NA,NA,NA,NA,NA,NA,NA,NA,NA,NA,NA,NA,NA,NA,729,698,737,NA,NA,NA,NA,NA,NA,NA,NA,91.61,16.35,5.79,0.89,0.81,634,0.85,NA,NA,NA,NA,18.71,21.39,19.56,23.99,NA,NA,NA,21.47,26.76,21.45,10.17,8.62,3.99,2.13,2.04,2.16,NA,37,NA,NA,NA,NA,5.5,550,NA,NA,1.6,12.94,15.5,5.46,36.1,35.32,63.9,64.39,3.16,6.93,30.88,953,17.18,57.53,3.08,22.06,9.23,8.01,17.97,82.6,26.8,14.36,39.62,29.24,37.86,53.46,12.83,62.21,19.01,58.03,11.64,18.93,30.93,NA,0,1,"0",0,0,0,0,0,0,0,0,0,1,61696,24223,39.261864626556,24.513744813278,14.4271913900415
"64","Nash",17014,6811,37127,"NC_ Nash County","NC",35.947916,-77.920626,"540.2",37,"6895","Rocky Mount_ NC","87,420","91,974",5.2,"170.2",NA,NA,NA,NA,NA,NA,NA,NA,NA,NA,NA,NA,NA,NA,NA,NA,NA,NA,NA,NA,43.1,NA,NA,518,570,24,623,NA,0,NA,NA,NA,NA,NA,NA,NA,NA,NA,NA,NA,NA,NA,NA,NA,NA,NA,NA,NA,NA,NA,NA,NA,569,427,473,NA,NA,NA,NA,NA,NA,0,NA,64.28,38.94,4.68,0.59,0.71,594,0.68,NA,NA,NA,NA,20.65,23.09,18.97,13.21,NA,NA,NA,26.58,26.45,20.48,9.62,8.05,3.47,1.6,1.2,1.33,NA,37,NA,NA,NA,NA,5.5,98,NA,NA,0.23,14.23,19.86,5.49,40.75,41.66,59.25,58.14,2.05,5.85,29.53,942,17.66,77.54,4.3,18.07,5.71,10.31,18.85,75.6,17.2,14.91,35.19,35.77,49.99,55.03,11.35,50.46,21.19,51.46,10.75,16.58,27.89,NA,0,0,"0",1,0,0,0,0,0,0,0,0,2,65911,24162,36.6585243737768,25.8135971233937,10.3336317154951
"65","New Hanover",22051,21853,37129,"NC_ New Hanover County","NC",34.212209,-77.882271,"198.1",37,"9200","Wilmington_ NC","160,307","184,639",15.1,"927.8",NA,NA,NA,NA,NA,NA,NA,NA,NA,NA,NA,NA,NA,NA,NA,NA,NA,NA,NA,NA,42.7,NA,NA,784,NA,143,NA,NA,0,NA,NA,NA,NA,NA,NA,NA,NA,NA,NA,NA,NA,NA,NA,NA,NA,NA,NA,NA,NA,NA,NA,NA,NA,NA,NA,NA,NA,NA,NA,NA,NA,NA,NA,93.52,18.75,3.28,0.49,1.06,NA,1.36,NA,NA,NA,NA,25.94,25.22,20.8,15.71,NA,NA,NA,22.98,26.09,20.17,10.32,9.12,4.42,2.3,1.77,1.98,NA,37,NA,NA,NA,NA,5.7,454,NA,NA,0.52,13.29,9.24,5.7,44.52,43.78,55.48,55.82,0.45,9.47,33.61,NA,35.38,55.13,4.12,19.94,8,8.34,6.14,86.3,31,17.59,43.2,40.12,36.51,57.62,9.75,64.97,20.41,63.34,12.4,15.54,29.29,NA,0,0,"1",0,0,0,0,0,0,0,0,0,8,150254,44391,29.5439722070627,14.6758156188854,14.5440387610313
"66","Northampton",3282,1898,37131,"NC_ Northampton County","NC",36.43321,-77.440449,"536.3",37,"#NULL!"," ","22,086","21,326",-3.4,"39.7",NA,NA,NA,NA,NA,NA,NA,NA,NA,NA,NA,NA,NA,NA,NA,NA,894,761,543,577,43.4,NA,NA,84,42,17,49,164,0,NA,NA,NA,NA,NA,NA,NA,NA,NA,NA,NA,NA,686,669,585,543,461,452,420,585,526,455,202,73,36,73,NA,0,NA,NA,NA,NA,0,NA,38.78,56.9,0.74,0.38,0.22,59,0.27,NA,NA,NA,NA,16.92,19.52,18.31,17.17,NA,NA,NA,38.53,26.57,17.15,6.19,5.35,2.38,0.86,0.42,0.86,NA,37,NA,NA,NA,752,8.6,12,NA,NA,0.14,19.13,20.13,8.63,67.4,63.67,32.6,36.21,5.8,3.48,33.69,669,13.48,77.83,3.96,21.59,6.97,16.96,31.16,62.5,10.8,13.61,26.88,25.59,68.83,49.15,8.4,51.42,24.31,59.6,10.52,16.78,29.04,NA,0,0,"0",1,0,0,0,0,0,0,0,0,2,14814,5416,36.560010800594,22.154718509518,12.8122046712569
"67","Onslow",14425,5406,37133,"NC_ Onslow County","NC",34.736082,-77.395229,"766.3",37,"3605","Jacksonville_ NC","150,355","148,980",-0.9,"194.2",NA,NA,NA,NA,NA,NA,NA,NA,NA,NA,NA,NA,NA,NA,NA,NA,NA,NA,NA,964,31.7,NA,NA,NA,NA,340,NA,NA,0,NA,NA,NA,NA,NA,NA,NA,NA,NA,NA,NA,NA,NA,NA,NA,NA,NA,NA,NA,NA,NA,NA,NA,294,291,275,NA,NA,NA,NA,NA,NA,NA,NA,75.44,17.26,6.49,0.88,3.27,NA,2.23,NA,NA,NA,NA,31.25,19.1,10.64,6.7,NA,NA,NA,23.99,34.22,22.28,8.58,5.86,2.27,0.61,0.6,0.57,NA,37,NA,NA,NA,NA,6.9,NA,NA,NA,38.07,14.67,3.15,4.29,34.31,30.18,65.69,69.45,2.03,6.58,36.46,834,23.44,36.48,4.6,22.16,7.61,10.83,24.38,84.3,14.8,15.12,21.28,69.45,15.07,78.85,8.44,66.41,14.31,87.19,11.69,55.64,26.12,NA,0,0,"0",0,0,0,0,0,1,0,0,0,9,90769,20154,22.2036157719045,15.8919895559056,5.95577785367251
"68","Orange",9597,35980,37135,"NC_ Orange County","NC",35.976073,-79.080974,"399.3",37,"6640","Raleigh-Durham-Chapel Hill_ NC","118,227","119,034",0.6,"297.7",NA,NA,NA,NA,NA,NA,NA,NA,NA,NA,NA,NA,NA,NA,NA,NA,NA,NA,NA,NA,36.3,NA,NA,601,NA,17,NA,NA,0,NA,NA,NA,NA,NA,NA,NA,NA,NA,NA,NA,NA,NA,NA,NA,NA,NA,NA,NA,NA,NA,NA,NA,NA,NA,NA,NA,NA,NA,NA,NA,NA,0,NA,79.39,13.28,5.39,0.51,1.6,NA,5.9,NA,NA,NA,NA,30.16,21.86,16.16,9.29,NA,NA,NA,22.77,23.36,17.15,9,9.59,5.87,3.61,3.72,4.09,NA,37,NA,NA,NA,NA,3.7,90,NA,NA,0.14,28.48,7.31,3.71,63.3,66.89,36.7,32.38,0.7,11.39,23.24,NA,55.18,46.39,1.9,37.82,6.11,6.15,10.4,87.6,51.5,19.72,35.96,57.79,36.05,49.45,8.35,81.79,17.14,41.67,8.11,10.8,70.14,NA,0,0,"0",0,0,0,0,0,0,0,0,1,5,105111,45855,43.6253103861632,9.13034791791535,34.2304801590699
"69","Pamlico",2095,1020,37137,"NC_ Pamlico County","NC",35.112663,-76.772076,"336.7",37,"#NULL!"," ","12,934","12,705",-1.7,"37.7",720,NA,596,626,734,776,751,690,674,731,872,954,928,940,810,736,654,528,360,345,47.9,NA,NA,73,57,3,22,175,0,NA,NA,NA,985,NA,NA,NA,NA,NA,NA,616,441,374,363,343,441,267,294,319,366,559,380,134,35,70,56,NA,0,NA,NA,NA,NA,0,NA,75.03,22,1.35,0.56,0.17,60,0.46,NA,NA,NA,NA,16.35,19.77,20.71,20.28,NA,NA,979,27.85,27.52,19.05,10.88,7.39,2.61,0.68,1.36,1.09,NA,37,NA,NA,NA,302,5.7,11,669,NA,0.21,19.82,12.51,5.65,42.18,38.67,57.82,60.93,10.11,3.77,29.35,911,16.26,73.16,4.41,19.68,10.61,11.82,31.22,75.2,14.7,11.98,32.78,23.61,47.52,50.28,12.07,58.41,23.8,51.83,9.65,22.71,29.24,NA,0,0,"0",0,0,0,0,0,0,0,1,0,11,9309,3150,33.8382210763777,22.5051025888925,10.9571382533033
"70","Pasquotank",3456,1879,37139,"NC_ Pasquotank County","NC",36.292397,-76.249681,"227.0",37,"#NULL!"," ","34,897","39,384",12.8,"173.5",NA,NA,NA,NA,NA,NA,NA,NA,NA,NA,NA,NA,NA,NA,NA,NA,NA,NA,814,867,43.2,NA,NA,155,477,0,414,751,0,NA,NA,NA,NA,NA,NA,NA,NA,NA,NA,NA,NA,NA,NA,NA,NA,774,983,646,NA,NA,944,313,156,130,72,NA,NA,NA,NA,NA,NA,0,NA,65.9,43.96,2.15,0.44,1.19,477,1.37,NA,NA,NA,NA,23.92,23.64,18.94,15.57,NA,NA,NA,33.05,27.98,18.97,7.88,6.43,2.13,1.06,0.89,0.49,NA,37,NA,NA,NA,NA,9.8,494,NA,NA,3,23.53,7.97,9.47,54.3,51.17,45.7,48.42,3.15,4.9,36.68,879,28.44,66.23,3.93,25.19,6.63,15.51,15.74,76.8,16.4,11.09,33.95,36.27,58.14,48.76,9.46,60.96,23.67,72.25,11.17,20.07,29.6,NA,0,0,"0",1,0,0,0,0,0,0,0,0,2,27649,5448,19.7041484321314,12.4995479040833,6.79590581937864
"71","Pender",6712,3133,37141,"NC_ Pender County","NC",34.479266,-77.855687,"870.7",37,"#NULL!"," ","41,082","47,878",16.5,"54.9",NA,NA,NA,NA,NA,NA,NA,NA,NA,NA,NA,NA,NA,NA,NA,NA,NA,NA,NA,878,43.3,NA,NA,261,151,14,233,NA,0,NA,NA,NA,NA,NA,NA,NA,NA,NA,NA,NA,NA,NA,NA,NA,NA,NA,NA,NA,NA,NA,NA,627,182,242,203,NA,NA,NA,NA,NA,NA,NA,NA,91.81,23.13,5.56,0.64,0.57,165,0.4,NA,NA,NA,NA,21.19,25.49,22.9,18.59,NA,NA,NA,27.28,27.34,20.74,9.28,7.9,3.29,0.96,1.27,1.07,NA,37,NA,NA,NA,NA,5.7,115,NA,NA,0.6,14.82,13.79,5.64,45.57,40.97,54.43,58.75,3.52,7.34,32.45,912,14.55,66.22,5.5,15.11,9.37,9.52,35.23,76.8,13.6,10.65,45.16,24.86,46.62,58.79,17.92,54.95,25.57,60.66,10.34,19.28,28.45,NA,0,0,"1",0,0,0,0,0,0,0,0,0,8,34716,9955,28.6755386565272,19.3340246572186,9.02465721857357
"72","Perquimans",1679,894,37143,"NC_ Perquimans County","NC",36.181693,-76.420537,"247.3",37,"#NULL!"," ","11,368","12,297",8.1,"49.7",769,NA,638,654,780,837,784,671,647,669,816,855,816,858,766,697,607,492,356,354,47.7,NA,NA,18,28,1,28,85,0,NA,NA,NA,NA,NA,NA,NA,NA,NA,NA,764,516,434,410,389,413,339,312,267,325,363,324,102,11,18,33,0,0,NA,NA,NA,0,0,NA,80.98,26.53,0.75,0.16,0.25,29,0.26,NA,NA,NA,NA,18.49,20.58,21.46,22.04,NA,NA,904,33.71,30.5,17.78,7.14,6.37,2.01,0.22,0.35,0.65,NA,37,NA,NA,NA,279,5.9,54,481,NA,1.13,24.11,10.09,5.86,47.69,39.75,52.31,59.8,5.48,4.24,35.54,810,13.23,65.69,6.25,20.85,11.39,13.94,28.81,71.9,12.3,11.6,34.69,24.47,45.75,58.96,9.47,61.09,23.29,70.12,11.33,17.27,24.91,NA,0,0,"0",0,0,0,0,0,1,0,0,0,9,9642,2608,27.0483302219457,17.4133997096038,9.27193528313628
"73","Person",6703,2553,37145,"NC_ Person County","NC",36.378884,-78.97298,"392.1",37,"#NULL!"," ","35,623","37,273",4.6,"95.0",NA,NA,NA,NA,NA,NA,NA,NA,NA,NA,NA,NA,NA,NA,NA,NA,NA,NA,748,718,43.3,NA,NA,235,63,0,209,930,0,NA,NA,NA,NA,NA,NA,NA,NA,NA,NA,NA,892,NA,NA,NA,954,874,847,878,NA,NA,NA,353,69,98,204,NA,0,NA,NA,NA,NA,0,NA,73.81,29.39,2.61,0.66,0.59,63,0.18,NA,NA,NA,NA,19.38,23.41,19.68,14.88,NA,NA,NA,25.51,27.29,22.44,11.07,7.69,2.38,0.47,0.66,1.38,NA,37,NA,NA,NA,829,4.7,37,NA,NA,0.21,13.16,24.35,4.7,42.86,40.74,57.14,58.98,2.43,5.01,26.73,865,15.05,78.19,4.95,19.17,6.98,9.43,23.5,74.9,10.3,12.18,33.26,32.57,45.42,56.14,11.27,47.93,22.89,46.71,9.84,15.93,28.12,NA,0,0,"0",1,0,0,0,0,0,0,0,0,2,25163,9424,37.4518141716012,26.6383181655605,10.1458490641021
"74","Pitt",18748,11717,37147,"NC_ Pitt County","NC",35.581263,-77.381686,"651.1",37,"3150","Greenville_ NC","133,798","144,210",7.7,"221.3",NA,NA,NA,NA,NA,NA,NA,NA,NA,NA,NA,NA,NA,NA,NA,NA,NA,NA,NA,NA,36.6,NA,NA,493,NA,61,NA,NA,0,NA,NA,NA,NA,NA,NA,NA,NA,NA,NA,NA,NA,NA,NA,NA,NA,NA,NA,NA,NA,NA,NA,NA,838,474,889,NA,NA,NA,NA,NA,NA,NA,NA,68.22,36.97,4.72,0.37,0.95,NA,1.27,NA,NA,NA,NA,29.23,22.54,16.12,10.45,NA,NA,NA,31.37,25.98,17.45,9.05,7.9,3.45,1.47,0.83,1.56,NA,37,NA,NA,NA,NA,6.8,159,NA,NA,0.23,18.48,14.32,6.76,45.91,46.46,54.09,53.3,1.74,5.89,31.03,944,44.07,71.5,3.31,27.73,5.3,13.5,17.67,79.9,26.4,15.18,33.61,49.91,49.3,55.21,10.96,61.86,23.12,59.32,11.21,14.17,30.84,NA,0,0,"1",0,0,0,0,0,0,0,0,0,8,106894,30850,28.8603663442289,17.53887028271,10.9613261735925
"75","Polk",3226,2048,37149,"NC_ Polk County","NC",35.255807,-82.178824,"237.8",37,"#NULL!"," ","18,324","19,227",4.9,"80.8",NA,NA,925,993,NA,NA,NA,964,NA,NA,NA,NA,NA,NA,NA,NA,941,856,731,853,47.8,NA,NA,53,65,5,79,596,0,NA,NA,NA,NA,NA,NA,NA,NA,NA,NA,835,619,477,648,700,692,532,594,511,798,712,545,296,67,103,78,0,NA,NA,NA,NA,NA,0,NA,97.92,5.91,3.25,0.29,0.43,70,0.38,NA,NA,NA,NA,16.54,20.12,21.23,24.1,NA,NA,NA,23.28,31.01,22.95,8.59,6.57,3.57,0.81,1.24,0.94,NA,37,NA,NA,NA,337,4.1,7,NA,NA,0.08,13.37,22.03,4.08,38.03,41.98,61.97,56.98,1.99,6.77,26.65,876,16.49,45.34,3.95,18.43,11.4,6.45,19.95,80.6,25.7,14.51,35.83,25.8,27.18,65.65,13.11,55.8,18.89,51.83,10.24,15.5,30,NA,0,0,"0",0,1,0,0,0,0,0,0,0,3,14797,5336,36.0613637899574,21.8017165641684,13.8406433736568
"76","Randolph",25068,6077,37151,"NC_ Randolph County","NC",35.765257,-79.827334,"786.6",37,"3120","Greensboro--Winston-Salem--High Point_ NC","130,454","139,511",6.9,"177.1",NA,NA,NA,NA,NA,NA,NA,NA,NA,NA,NA,NA,NA,NA,NA,NA,NA,NA,NA,NA,43,NA,NA,749,NA,27,NA,NA,0,NA,NA,NA,NA,NA,NA,NA,NA,NA,NA,NA,NA,NA,NA,NA,NA,NA,NA,NA,NA,NA,NA,NA,581,330,595,NA,NA,NA,NA,NA,NA,NA,NA,98.58,6,10.38,0.57,0.85,NA,0.94,NA,NA,NA,NA,21.11,23.88,19.18,13.75,NA,NA,NA,22.04,29.73,23.95,10.18,7.71,2.74,1.06,0.6,1.09,NA,37,NA,NA,NA,NA,3.1,25,NA,NA,0.04,9.68,33.71,3.13,26.85,25.47,73.15,74.19,1.21,4.73,25.96,873,13.34,73.62,5.32,13.09,6.76,6.82,25.16,70,11.1,12.59,35.17,33.99,28.29,57.43,22.72,34.97,22.91,45.12,10.39,17.11,27.68,NA,0,0,"0",0,0,1,0,0,0,0,0,0,6,88366,31342,35.4683928207682,28.3683769775706,6.87707941968631
"77","Richmond",7166,2093,37153,"NC_ Richmond County","NC",34.945276,-79.730819,"474.7",37,"#NULL!"," ","46,564","46,737",0.3,"98.6",NA,NA,NA,NA,NA,NA,NA,NA,NA,NA,NA,NA,NA,NA,NA,NA,NA,NA,912,828,42.8,NA,NA,924,388,5,441,NA,0,NA,NA,NA,NA,NA,NA,NA,NA,NA,NA,NA,NA,NA,NA,NA,NA,NA,NA,893,NA,NA,901,393,107,95,157,NA,NA,NA,NA,NA,NA,NA,NA,65.43,31.16,3.99,1.98,0.95,393,0.84,NA,NA,NA,NA,21.17,20.14,17.18,13.61,NA,NA,NA,34.46,29.23,18.88,6.67,5.01,2.18,0.59,0.53,0.87,NA,37,NA,NA,NA,NA,6.9,438,NA,NA,2.1,13.28,25.87,6.73,55.89,51.92,44.11,47.75,2.77,3.91,30.18,678,14.37,78.3,4.8,19.62,6.24,15.9,23.2,69.2,10.1,12.48,26.2,35.21,48.45,56.56,13.97,45.25,23.61,55.03,11.52,19.45,28.92,NA,0,0,"0",1,0,0,0,0,0,0,0,0,2,30084,9465,31.4619066613482,23.8199707485707,6.95718654434251
"78","Robeson",20740,3311,37155,"NC_ Robeson County","NC",34.670161,-79.094862,"949.2",37,"#NULL!"," ","123,339","128,925",4.5,"135.8",NA,NA,NA,NA,NA,NA,NA,NA,NA,NA,NA,NA,NA,NA,NA,NA,NA,NA,NA,NA,37.2,NA,NA,NA,571,203,NA,NA,0,NA,NA,NA,NA,NA,NA,NA,NA,NA,NA,NA,NA,NA,NA,NA,NA,NA,NA,NA,NA,NA,NA,927,343,204,331,NA,NA,NA,NA,NA,NA,NA,NA,37.14,25.17,8.27,40.43,1.17,774,0.63,NA,NA,NA,NA,23.04,21.11,16.69,11.05,NA,NA,NA,36.07,29.05,18.13,6.78,4.91,2.01,0.74,0.44,0.72,NA,37,NA,NA,NA,NA,9.6,77,NA,NA,0.14,14.54,24.39,9.61,60.34,52.75,39.66,46.97,3.06,3.72,27.51,758,16.48,80.84,4.21,20.55,5.88,19.63,37.15,64.9,11.4,10.63,27.61,35.48,61.05,52.9,19.45,45.22,27.35,51.25,9.84,16.43,30.32,NA,0,0,"0",1,0,0,0,0,0,0,0,0,2,71015,24792,34.9109343096529,29.2050975146096,4.66239526860522
"79","Rockingham",14745,4802,37157,"NC_ Rockingham County","NC",36.404167,-79.771027,"566.6",37,"#NULL!"," ","91,928","92,375",0.4,"163.0",NA,NA,NA,NA,NA,NA,NA,NA,NA,NA,NA,NA,NA,NA,NA,NA,NA,NA,NA,NA,43.1,NA,NA,295,310,68,499,NA,0,NA,NA,NA,NA,NA,NA,NA,NA,NA,NA,NA,NA,NA,NA,NA,NA,NA,NA,NA,NA,NA,NA,967,343,301,335,NA,NA,NA,NA,NA,NA,0,NA,79.5,19.71,4.76,0.32,0.54,378,0.41,NA,NA,NA,NA,18.86,21.9,19.09,15.1,NA,NA,NA,27.66,29.11,20.79,8.74,7.08,2.59,0.92,0.81,0.9,NA,37,NA,NA,NA,NA,5.8,37,NA,NA,0.08,10.77,28.53,5.76,41.13,38.6,58.87,61.09,1.15,5.98,26.25,820,13.67,76.38,5.92,15.88,5.98,10.16,19.37,68.9,10.8,13.89,29.55,31.31,39.48,54.64,14.56,40.7,24.11,47.85,9.45,16.26,27.44,NA,0,0,"0",0,0,0,0,0,1,0,0,0,9,58869,19721,33.4998046510048,25.0471385618917,8.15709456590056
"80","Rowan",21489,7424,37159,"NC_ Rowan County","NC",35.622505,-80.521026,"511.6",37,"1520","Charlotte-Gastonia-Rock Hill_ NC","130,340","134,924",3.5,"263.8",NA,NA,NA,NA,NA,NA,NA,NA,NA,NA,NA,NA,NA,NA,NA,NA,NA,NA,NA,NA,43,NA,NA,571,NA,10,941,NA,0,NA,NA,NA,NA,NA,NA,NA,NA,NA,NA,NA,NA,NA,NA,NA,NA,NA,NA,NA,NA,NA,NA,NA,584,435,512,NA,NA,NA,NA,NA,NA,NA,NA,85.03,16.4,6.21,0.44,0.72,NA,0.93,NA,NA,NA,NA,21,22.45,17.99,14.44,NA,NA,NA,23.22,29.04,21.76,10.29,8.67,2.85,1.12,0.83,0.98,NA,37,NA,NA,NA,NA,6.3,54,NA,NA,0.08,11.83,26.34,6.28,33.99,32.27,66.01,67.32,0.84,5.04,28.34,891,17.64,72.76,5.37,17.94,5.46,8.13,20.63,74.2,14.2,13.68,32.75,36.37,37.35,50.73,16.22,42.62,20.95,52.83,12.9,16.6,27.31,NA,0,1,"0",0,0,0,0,0,0,0,0,0,1,90835,29141,32.0812462156658,23.6571806021908,8.17306104475147
"81","Rutherford",11603,2708,37161,"NC_ Rutherford County","NC",35.348345,-81.893888,"564.0",37,"#NULL!"," ","62,899","63,751",1.3,"113.0",NA,NA,NA,NA,NA,NA,NA,NA,NA,NA,NA,NA,NA,NA,NA,NA,NA,NA,NA,NA,43,NA,NA,131,282,18,407,NA,0,NA,NA,NA,NA,NA,NA,NA,NA,NA,NA,NA,NA,NA,NA,NA,NA,NA,NA,NA,NA,NA,NA,544,241,134,207,NA,NA,NA,NA,NA,NA,NA,NA,88.63,11.4,2.37,0.21,0.65,300,0.48,NA,NA,NA,NA,19.34,20.95,18.46,15.99,NA,NA,NA,30.61,30.78,19.35,7.91,5.64,2.11,0.94,0.52,0.8,NA,37,NA,NA,NA,NA,6,11,NA,NA,0.04,11.39,31.83,6.02,35.88,33.19,64.12,66.28,1.49,4.23,28.14,748,16.7,76.09,4.22,16.76,7.81,10.35,21.8,70.4,12.5,12.99,27.74,32.77,31.73,68.11,14.77,41.84,21.07,49.87,9.01,14.98,29.47,NA,0,0,"0",0,1,0,0,0,0,0,0,0,3,42741,14422,33.7427762569898,27.1472356753469,6.33583678435226
"82","Sampson",10691,2330,37163,"NC_ Sampson County","NC",35.028186,-78.393748,"946.3",37,"#NULL!"," ","60,161","63,469",5.5,"67.1",NA,NA,NA,NA,NA,NA,NA,NA,NA,NA,NA,NA,NA,NA,NA,NA,NA,NA,NA,NA,42.8,NA,NA,NA,259,476,458,NA,0,NA,NA,NA,NA,NA,NA,NA,NA,NA,NA,NA,NA,NA,NA,NA,NA,NA,NA,NA,NA,NA,NA,541,301,223,186,NA,NA,NA,NA,NA,NA,NA,NA,71.44,30.18,16.81,1.89,0.76,735,1.22,NA,NA,NA,NA,22.14,22.22,17.42,13.54,NA,NA,NA,31.94,27.94,19.85,8.76,4.95,2.28,1.27,0.94,0.79,NA,37,NA,NA,NA,NA,6.9,63,NA,NA,0.22,13.3,20.18,6.91,45.72,43.29,54.28,56.53,12.24,3.88,29.4,784,14.53,78.4,3.25,18.19,7.64,13.45,33.2,69.1,11.1,11.06,29.8,33.08,49.89,54.86,27.45,49.27,24.88,49.46,10.19,16.77,30.15,NA,0,0,"0",1,0,0,0,0,0,0,0,0,2,36903,13197,35.7613202178685,28.9705444001843,6.31384982250766
"83","Scotland",4728,1721,37165,"NC_ Scotland County","NC",34.787032,-79.480423,"319.1",37,"#NULL!"," ","35,998","37,742",4.8,"118.2",NA,NA,NA,NA,NA,NA,NA,NA,NA,NA,NA,NA,NA,NA,NA,NA,NA,840,578,587,43,NA,NA,NA,255,0,446,460,0,NA,NA,NA,NA,NA,NA,NA,NA,NA,NA,NA,982,NA,971,NA,758,617,881,723,NA,NA,NA,283,164,103,172,NA,NA,NA,NA,NA,NA,0,NA,51.86,40.5,1.28,10.54,1.24,255,0.71,NA,NA,NA,NA,21.83,21.07,18.5,12.31,NA,NA,NA,32.51,25.11,20.36,8.29,7.31,2.01,1.16,0.73,1.22,NA,37,NA,NA,NA,NA,9.9,42,NA,NA,0.26,14.46,30.57,9.89,60.07,55.3,39.93,44.52,2.88,3.9,25.35,790,18.32,71.92,3.6,21.47,4.04,17.45,24.17,71.4,15.9,10.81,30.02,35.81,62.46,44.19,9.93,45.04,24.68,44.91,9.83,17.22,30.96,NA,0,0,"0",1,0,0,0,0,0,0,0,0,2,22255,6755,30.3527297236576,21.2446641204224,7.73309368681195
"84","Stanly",12634,3056,37167,"NC_ Stanly County","NC",35.319234,-80.247544,"395.1",37,"#NULL!"," ","58,100","59,005",1.5,"149.3",NA,NA,NA,NA,NA,NA,NA,NA,NA,NA,NA,NA,NA,NA,NA,NA,NA,NA,NA,NA,43,NA,NA,135,990,0,291,NA,0,NA,NA,NA,NA,NA,NA,NA,NA,NA,NA,NA,NA,NA,NA,NA,NA,NA,NA,NA,NA,NA,NA,590,226,174,275,NA,NA,NA,NA,NA,NA,0,NA,87.47,11.65,3.22,0.23,0.5,990,1.7,NA,NA,NA,NA,19.92,21.6,18.1,14.65,NA,NA,NA,25.56,27.78,22.36,9.63,7.7,2.59,0.99,0.76,1.21,NA,37,NA,NA,NA,NA,4.5,6,NA,NA,0.02,12.64,26.77,4.48,31.25,29.94,68.75,69.71,1.41,4.51,29.75,838,15.54,79.37,3.68,18.85,6.92,8.15,17.05,73.4,12.7,12.84,30.24,34.99,33.84,58.7,14.66,44.65,20.5,49.62,11.49,15.03,29.25,NA,0,0,"0",0,1,0,0,0,0,0,0,0,3,39291,15850,40.3400269781884,32.15494642539,7.77786261484818
"85","Stokes",8584,2457,37169,"NC_ Stokes County","NC",36.352514,-80.270192,"451.6",37,"3120","Greensboro--Winston-Salem--High Point_ NC","44,711","46,073",3,"101.9",NA,NA,NA,NA,NA,NA,NA,NA,NA,NA,NA,NA,NA,NA,NA,NA,NA,NA,775,754,43.2,NA,NA,111,98,22,162,NA,0,NA,NA,NA,NA,NA,NA,NA,NA,NA,NA,NA,NA,NA,NA,NA,NA,NA,NA,NA,NA,NA,NA,512,138,116,155,NA,NA,NA,NA,NA,NA,0,NA,97.01,5.16,2.26,0.25,0.36,120,0.27,NA,NA,NA,NA,19.55,23.78,19.77,13.49,NA,NA,NA,21.8,29.09,23.8,10.78,8.33,2.8,0.76,0.63,0.85,NA,37,NA,NA,NA,NA,5.9,7,NA,NA,0.03,10.39,25.52,5.85,29.49,29.71,70.51,69.96,2.15,6.21,24.41,847,11.73,76.22,5.92,15.86,8.27,6.91,29.95,73.2,9.3,12.1,34.14,32.8,32.64,55.39,14.65,41.4,24.06,45.5,7.56,15.78,27,NA,0,0,"0",0,0,0,0,0,1,0,0,0,9,30085,11125,36.9785607445571,28.5324912747216,8.16686056174173
"86","Surry",12064,3331,37171,"NC_ Surry County","NC",36.430887,-80.657685,"536.5",37,"#NULL!"," ","71,219","72,397",1.6,"134.9",NA,NA,NA,NA,NA,NA,NA,NA,NA,NA,NA,NA,NA,NA,NA,NA,NA,NA,NA,NA,42.9,NA,NA,182,357,5,307,NA,0,NA,NA,NA,NA,NA,NA,NA,NA,NA,NA,NA,NA,NA,NA,NA,NA,NA,NA,NA,NA,NA,NA,639,317,241,341,NA,NA,NA,NA,NA,NA,0,NA,96.43,4.03,8.89,0.26,0.43,362,0.51,NA,NA,NA,NA,19.53,21.52,18.35,15.87,NA,NA,NA,28.39,30.97,19.43,7.92,6.77,2.19,1.08,0.82,1.17,NA,37,NA,NA,NA,NA,3.4,15,NA,NA,0.04,11.01,29.62,3.38,33.5,31.95,66.5,67.66,2.87,4.02,26.73,783,16.79,73.29,4.71,15.59,7.5,9.05,24.95,67,12,12.87,28.93,31.95,27.22,64.08,21.77,40.67,22.78,46.12,9.22,15.88,28.94,NA,0,0,"0",0,0,1,0,0,0,0,0,0,6,43687,15508,35.4979742257422,27.6146221988234,7.62469384485087
"87","Swain",2136,801,37173,"NC_ Swain County","NC",35.438882,-83.410417,"528.4",37,"#NULL!"," ","12,968","13,324",2.7,"25.2",NA,NA,865,833,893,912,907,842,806,802,898,924,897,903,739,631,524,398,275,275,43.1,NA,355,NA,43,5,230,228,0,NA,NA,NA,NA,NA,NA,NA,NA,NA,NA,709,553,505,576,368,324,371,345,285,367,316,315,103,30,38,42,NA,NA,NA,NA,NA,NA,0,NA,70.18,2.74,1.76,27.68,1.77,48,0.37,NA,NA,NA,NA,19.7,20.23,19.58,16.22,NA,NA,997,33.16,30.76,18.71,5.93,5.91,1.93,0.56,0.71,0.79,NA,37,NA,NA,NA,605,10.1,0,582,NA,0,20.26,9.75,10.14,48.53,47.96,51.47,51.41,1.81,2.98,35,660,14.26,73.04,4.05,20.49,9.4,13.29,22.72,70.5,13.9,11.04,30.32,30.29,43.18,55.6,12.88,55,26.14,67.03,7.68,14.31,27.36,NA,0,0,"0",0,0,0,0,0,1,0,0,0,9,9917,2960,29.8477362105475,21.5387718059897,8.07703942724614
"88","Transylvania",6291,3853,37175,"NC_ Transylvania County","NC",35.210899,-82.7462,"378.4",37,"#NULL!"," ","29,334","29,620",0.9,"78.2",NA,NA,NA,NA,NA,NA,NA,NA,NA,NA,NA,NA,NA,NA,NA,NA,NA,NA,NA,989,47.8,NA,NA,99,175,0,273,343,0,NA,NA,NA,NA,NA,NA,NA,NA,NA,NA,NA,791,898,NA,771,825,808,941,812,NA,NA,NA,436,112,173,110,NA,NA,NA,NA,NA,NA,0,NA,94.44,4.67,1.17,0.34,0.93,175,0.6,NA,NA,NA,NA,18.13,18.31,19.95,22.73,NA,NA,NA,22.71,28.13,23.77,8.15,9.27,3.48,0.89,1.38,0.88,NA,37,NA,NA,NA,647,4.9,0,NA,NA,0,11.26,19.71,4.88,35.89,39.11,64.11,60.21,1.82,6.25,30.62,871,23.24,56.44,2.67,19.93,9.15,6.61,16.68,82.5,23.7,14.33,33.95,29.28,28.45,62.41,11.03,54.49,18.56,55.81,10.06,14.5,30.58,NA,0,0,"0",0,1,0,0,0,0,0,0,0,3,23623,10219,43.2586885662278,26.6308258900224,16.3103754815222
"89","Tyrrell",730,203,37177,"NC_ Tyrrell County","NC",35.899035,-76.241261,"389.9",37,"#NULL!"," ","4,149","4,113",-0.8,"10.5",261,535,218,214,253,279,274,261,263,274,323,335,287,250,202,173,154,132,106,115,43.3,NA,NA,9,61,0,8,252,0,NA,NA,NA,362,459,NA,NA,NA,NA,444,329,151,122,154,108,102,93,81,83,99,64,94,16,5,8,21,0,0,NA,NA,0,NA,0,NA,59.92,37.33,6.07,0.22,0.19,61,1.47,798,932,739,680,19.23,22.46,17.81,16.39,602,457,263,38.57,29.28,16.85,4.1,6.02,1.02,0.32,0.51,1.35,NA,37,NA,NA,NA,101,6.1,4,124,361,0.24,21.58,7.41,6.04,54.6,45.97,45.4,53.77,16.77,2.81,31.7,742,15.69,77.08,3.76,14.6,13.01,19.06,34.84,66.3,10.6,13.16,27.37,25.85,54.45,62.2,19.89,61.26,25.85,52.12,10.68,18.26,29.23,NA,0,0,"0",1,0,0,0,0,0,0,0,0,2,2562,971,37.9000780640125,28.4933645589383,7.92349726775956
"90","Union",29319,10583,37179,"NC_ Union County","NC",35.007514,-80.589442,"636.4",37,"1520","Charlotte-Gastonia-Rock Hill_ NC","123,677","171,950",39,"269.7",NA,NA,NA,NA,NA,NA,NA,NA,NA,NA,NA,NA,NA,NA,NA,NA,NA,NA,NA,NA,43.1,NA,NA,808,NA,132,NA,NA,0,NA,NA,NA,NA,NA,NA,NA,NA,NA,NA,NA,NA,NA,NA,NA,NA,NA,NA,NA,NA,NA,NA,NA,NA,NA,NA,NA,NA,NA,NA,NA,NA,0,NA,118.97,16.48,12.79,0.65,1.2,NA,1.72,NA,NA,NA,NA,27.22,32.03,22.89,13.95,NA,NA,NA,14.47,22.38,23.47,13.46,12.24,6.09,2.95,2.19,1.99,NA,37,NA,NA,NA,NA,4.3,17,NA,NA,0.03,9.36,17.51,4.3,31.84,29.47,68.16,70.2,1.53,7.51,30.37,NA,14.62,61.15,4.5,14.44,6.93,5.82,10.51,80.2,21.3,11.61,53.93,35.81,38.3,52.61,20.77,51.64,19.07,51.48,12.06,14.14,27.92,NA,0,0,"1",0,0,0,0,0,0,0,0,0,8,129904,40320,31.0383052100012,22.5697438108141,8.14678531838896
"91","Vance",7163,2646,37181,"NC_ Vance County","NC",36.333072,-78.401848,"253.2",37,"#NULL!"," ","42,954","43,638",1.5,"172.1",NA,NA,NA,NA,NA,NA,NA,NA,NA,NA,NA,NA,NA,NA,NA,NA,NA,NA,719,699,42.9,NA,NA,91,194,10,129,NA,0,NA,NA,NA,NA,NA,NA,NA,NA,NA,NA,NA,NA,NA,NA,NA,NA,NA,NA,802,NA,NA,891,434,130,143,186,0,NA,NA,NA,NA,NA,0,NA,49.6,51.01,6.04,0.21,0.3,204,0.47,NA,NA,NA,NA,20.4,20.75,17.14,12.53,NA,NA,NA,31.98,29.55,18.93,7.4,5.4,2.63,0.79,0.87,1.13,NA,37,NA,NA,NA,NA,8.3,15,NA,NA,0.08,15.11,25.58,8.29,56.04,55.89,43.96,43.91,1.73,3.81,32.09,812,12.23,80.42,3.4,18.1,5.57,16.28,27.75,68.1,10.7,12.21,28.81,33.44,60.05,53.1,15.78,44.22,24.35,55.42,12.47,18,29.78,NA,0,0,"0",1,0,0,0,0,0,0,0,0,2,29847,10151,34.0101182698429,23.9990618822662,8.86521258417931
"92","Wake",105886,138960,37183,"NC_ Wake County","NC",35.796458,-78.668673,"830.2",37,"6640","Raleigh-Durham-Chapel Hill_ NC","627,846","775,316",23.4,"931.8",NA,NA,NA,NA,NA,NA,NA,NA,NA,NA,NA,NA,NA,NA,NA,NA,NA,NA,NA,NA,37.5,NA,NA,NA,NA,327,NA,NA,0,NA,NA,NA,NA,NA,NA,NA,NA,NA,NA,NA,NA,NA,NA,NA,NA,NA,NA,NA,NA,NA,NA,NA,NA,NA,NA,NA,NA,NA,NA,NA,NA,NA,NA,89.88,25.63,9.6,0.54,1.76,NA,5.68,NA,NA,NA,NA,27.42,30.58,19.96,10.37,NA,NA,NA,12.97,21.23,19.35,12.01,14.02,8.48,4.57,3.75,2.97,NA,37,NA,NA,NA,NA,3.9,664,NA,NA,0.19,15.13,12.06,3.89,46.42,48.71,53.58,50.83,0.48,15.39,25.11,NA,28.97,47.07,4.07,17.48,5.39,4.93,5.49,89.3,43.9,26.01,49.2,43.58,40.83,56.9,16.6,64.58,22.62,43.79,12.62,15.34,29.42,NA,0,0,"1",0,0,0,0,0,0,0,0,0,8,612919,246956,40.2917840693468,17.2756922203423,22.6718375511283
"93","Warren",2942,1777,37185,"NC_ Warren County","NC",36.417262,-78.132704,"429.0",37,"#NULL!"," ","19,972","19,709",-1.3,"45.9",NA,NA,NA,NA,NA,NA,NA,NA,NA,NA,NA,NA,NA,NA,NA,944,846,726,521,543,43.3,NA,NA,949,43,0,78,457,0,NA,NA,NA,NA,NA,NA,NA,NA,NA,NA,NA,736,650,660,570,558,515,434,358,510,553,382,112,78,57,82,0,NA,NA,NA,NA,NA,NA,NA,39.07,54.25,2.29,4.75,0.39,43,0.22,NA,NA,NA,NA,18.19,19.97,18.58,17.93,NA,NA,NA,35.31,29.95,16.93,7.19,4.97,1.46,1.01,0.74,1.07,NA,37,NA,NA,NA,661,8.3,0,NA,NA,0,19.74,19.41,8.3,67.51,64.42,32.49,35.38,5.36,4.89,30.4,845,13.24,75.83,5.33,21.88,6.43,15.66,34.12,67.5,11.6,13.38,29.4,26.43,66.66,53.43,10.82,53.31,24.42,57.77,11.45,17.11,26.13,NA,0,0,"0",1,0,0,0,0,0,0,0,0,2,13235,4793,36.2145825462788,22.2289384208538,13.4265205893464
"94","Washington",2268,1261,37187,"NC_ Washington County","NC",35.863396,-76.642994,"348.5",37,"#NULL!"," ","13,723","13,240",-3.5,"37.9",NA,NA,881,858,970,969,895,781,729,734,849,936,934,901,714,595,489,409,285,311,43.2,NA,NA,2,85,3,54,375,0,NA,NA,NA,NA,819,NA,NA,NA,NA,NA,927,453,502,419,319,394,335,259,227,405,307,311,119,63,31,55,0,NA,NA,NA,0,NA,0,NA,46.8,48.63,2.73,0.01,0.39,88,0.64,NA,NA,NA,NA,17.53,18.36,18.57,15.22,NA,NA,891,35.98,28.05,17.04,5.87,5.95,2.28,1.2,0.59,1.05,NA,37,NA,NA,NA,416,7.1,0,NA,966,0,16.56,24.38,7.13,55.49,54.27,44.51,45.4,5.24,4.45,30.57,762,11.01,83.64,3.93,18.31,9.17,17.64,24.65,69.9,11.6,14.14,26.58,29.03,58.12,57.43,10.46,50.34,22.63,51.22,10.43,16.88,29.16,NA,0,0,"0",1,0,0,0,0,0,0,0,0,2,9040,3600,39.8230088495575,25.0884955752212,13.9491150442478
"95","Watauga",7464,7713,37189,"NC_ Watauga County","NC",36.218823,-81.687217,"312.5",37,"#NULL!"," ","42,695","42,192",-1.1,"135.0",NA,NA,NA,NA,NA,NA,NA,NA,NA,NA,NA,NA,NA,NA,NA,NA,NA,961,704,702,35.5,NA,781,137,364,17,218,795,0,NA,NA,NA,NA,NA,NA,NA,NA,NA,NA,NA,NA,NA,NA,NA,NA,NA,826,835,NA,NA,NA,463,143,134,219,NA,0,NA,NA,NA,NA,0,NA,95.27,1.83,1.86,0.32,0.51,381,0.89,NA,NA,NA,NA,33.66,18.23,16.09,11.99,NA,NA,NA,30.58,27.97,18.1,9.1,7,2.86,0.88,0.83,1.35,NA,37,NA,NA,NA,NA,8.2,7,NA,NA,0.03,21.46,5.9,8.21,43.26,46.7,56.74,52.64,1.04,6.17,34.13,921,65.07,62.47,2.64,27.97,8.46,7.19,10.43,81.6,33.2,11.99,30.27,52.04,29.33,58.07,10.83,68.51,21.5,63.66,9.24,11.37,68.63,NA,0,0,"1",0,0,0,0,0,0,0,0,0,8,41293,15301,37.0547066088683,18.0757029036398,18.6787106773545
"96","Wayne",17302,5570,37191,"NC_ Wayne County","NC",35.367627,-77.988479,"552.3",37,"2980","Goldsboro_ NC","113,329","114,354",0.9,"206.9",NA,NA,NA,NA,NA,NA,NA,NA,NA,NA,NA,NA,NA,NA,NA,NA,NA,NA,NA,NA,43,NA,NA,529,749,55,NA,NA,0,NA,NA,NA,NA,NA,NA,NA,NA,NA,NA,NA,NA,NA,NA,NA,NA,NA,NA,NA,NA,NA,NA,998,448,261,490,NA,NA,NA,NA,NA,NA,NA,NA,64.99,33.72,6.91,0.47,1.02,804,0.71,NA,NA,NA,NA,21.2,21.82,16.65,12.09,NA,NA,NA,25.75,31.49,20.75,8.64,7.21,2.31,1.04,0.6,1.13,NA,37,NA,NA,NA,NA,6.3,NA,NA,NA,6.48,18.8,14.61,5.88,38.52,37.65,61.48,62.14,3.94,4.73,33.31,889,17.43,67.94,4.29,22.59,6,10.16,25.45,77.2,15,15.6,28.3,40.98,43.63,57.28,12.23,53.76,22.06,64.24,11.57,24.15,27.54,NA,0,0,"0",0,0,0,0,0,1,0,0,0,9,71092,23234,32.6815956788387,24.3374781972655,7.83491813424858
"97","Wilkes",15541,3189,37193,"NC_ Wilkes County","NC",36.194346,-81.133069,"757.2",37,"#NULL!"," ","65,632","67,104",2.2,"88.6",NA,NA,NA,NA,NA,NA,NA,NA,NA,NA,NA,NA,NA,NA,NA,NA,NA,NA,NA,NA,43,NA,NA,113,546,84,343,NA,0,NA,NA,NA,NA,NA,NA,NA,NA,NA,NA,NA,NA,NA,NA,NA,NA,NA,NA,NA,NA,NA,NA,544,242,260,344,NA,NA,NA,NA,NA,NA,NA,NA,96.33,4.26,4.83,0.17,0.52,630,0.96,NA,NA,NA,NA,19.49,22.25,19.58,15.4,NA,NA,NA,27.8,29.75,21.35,8.55,6.16,1.98,0.88,0.94,1.25,NA,37,NA,NA,NA,NA,3.8,40,NA,NA,0.12,11.18,27,3.75,30.04,28.95,69.96,70.7,3.52,4.62,32.02,782,14.7,82.26,3.67,14.2,8.42,8.76,26.8,66,11.3,13.16,30.57,30.24,28.01,66.99,18.58,42.5,21.56,51.92,8.66,16.17,29.29,NA,0,0,"0",0,1,0,0,0,0,0,0,0,3,41607,19045,45.7735477203355,37.3518879034778,7.66457567236282
"98","Wilson",13633,5757,37195,"NC_ Wilson County","NC",35.724685,-77.925424,"371.2",37,"#NULL!"," ","73,814","76,521",3.6,"206.2",NA,NA,NA,NA,NA,NA,NA,NA,NA,NA,NA,NA,NA,NA,NA,NA,NA,NA,NA,NA,43,NA,NA,237,593,20,448,NA,0,NA,NA,NA,NA,NA,NA,NA,NA,NA,NA,NA,NA,NA,NA,NA,NA,NA,NA,NA,NA,NA,NA,788,326,405,378,NA,NA,NA,NA,NA,NA,0,NA,60.93,40.98,8.73,0.32,0.61,613,0.83,NA,NA,NA,NA,20.71,21.66,18.45,13.78,NA,NA,NA,30.21,26.43,19.46,9.31,6.95,2.63,1.09,1.35,1.26,NA,37,NA,NA,NA,NA,7.2,61,NA,NA,0.17,13.36,22.03,7.23,45.55,46.52,54.45,53.26,2.56,5.29,30,914,17.6,80.28,3.75,19.45,5.42,13.79,13.59,69.4,15.1,13.57,31.46,35.27,52.77,50.69,15.25,49.68,22.77,52.4,11.32,16.37,29.37,NA,0,0,"0",1,0,0,0,0,0,0,0,0,2,53962,19927,36.9278381082984,25.2640747192469,10.6686186575738
"99","Yadkin",8177,1740,37197,"NC_ Yadkin County","NC",36.162792,-80.671941,"335.3",37,"3120","Greensboro--Winston-Salem--High Point_ NC","36,348","37,713",3.7,"112.4",NA,NA,NA,NA,NA,NA,NA,NA,NA,NA,NA,NA,NA,NA,NA,NA,NA,NA,771,731,43.1,NA,NA,71,102,28,128,NA,0,NA,NA,NA,NA,NA,NA,NA,NA,NA,NA,NA,904,NA,NA,NA,NA,939,957,914,NA,NA,NA,438,125,112,179,NA,0,NA,NA,NA,NA,0,NA,99.15,3.7,8.97,0.2,0.35,130,0.36,NA,NA,NA,NA,19.4,22.82,18.99,15.22,NA,NA,NA,24.03,29.34,22.17,9.44,8.09,2.88,0.82,0.74,1.18,NA,37,NA,NA,NA,575,3.1,13,NA,NA,0.07,10.08,29.32,3.15,23.06,22.54,76.94,77.16,2.44,4.35,26.64,859,14.39,80.19,4,16.93,6.85,7.12,29.6,72,10.3,12.33,32.86,32.9,28.09,59.15,19.98,39.5,20.32,46.43,9.18,16.22,28.69,NA,0,0,"0",0,0,0,0,0,1,0,0,0,9,23633,10067,42.597215757627,34.599923835315,7.36258621419202
"100","Yancey",4753,1498,37199,"NC_ Yancey County","NC",35.91039,-82.29243,"312.7",37,"#NULL!"," ","17,774","18,232",2.5,"58.3",NA,NA,961,985,NA,NA,NA,NA,NA,NA,NA,NA,NA,NA,NA,955,814,687,519,528,47.7,NA,184,64,35,0,22,715,0,NA,NA,NA,NA,NA,NA,NA,NA,NA,NA,NA,645,688,743,648,573,520,475,382,645,562,334,134,35,49,65,0,NA,NA,NA,NA,NA,0,NA,100.86,1.04,4.02,0.36,0.12,35,0.2,NA,NA,NA,NA,17.96,20.58,20.95,19.71,NA,NA,NA,31.83,32.14,19.44,7.27,4.32,1.73,0.45,0.63,0.84,NA,37,NA,NA,NA,370,4.5,2,NA,NA,0.02,14.38,26.98,4.54,42.77,47.02,57.23,52.38,5.01,4.63,27.62,730,13.43,75.44,4.47,18.61,11.28,10.88,22.17,71.1,13.1,12.7,29.58,27,26.33,65.94,16.43,47.94,21.72,52.54,8.23,14.85,29.78,NA,0,0,"0",0,1,0,0,0,0,0,0,0,3,14516,6322,43.551942683935,32.7431799393772,10.3196472857537
